Location,Extra Features,Price
Lekki,3 Bedrooms 3 Bathrooms 4 Toilets 2 Parking Spaces,2800000.00
Lekki,3 Bedrooms 3 Bathrooms 3 Toilets 3 Parking Spaces,1700000.00
Lekki,3 Bedrooms 3 Bathrooms 3 Toilets 3 Parking Spaces,1800000.00
Ajah,3 Bedrooms 3 Bathrooms 4 Toilets,1200000.00
Lekki,3 Bedrooms 4 Bathrooms 4 Toilets 10 Parking Spaces,1000000.00
Lekki,3 Bedrooms 3 Bathrooms 4 Toilets 2 Parking Spaces,3500000.00
Lekki,3 Bedrooms 3 Bathrooms 4 Toilets 8 Parking Spaces,650000.00
Shomolu,3 Bedrooms 2 Bathrooms 3 Toilets 1 Parking Space,900000.00
Lekki,3 Bedrooms 3 Bathrooms 4 Toilets 2 Parking Spaces,3000000.00
Ikoyi,3 Bedrooms 3 Bathrooms 4 Toilets,10000000.00
Lekki,3 Bedrooms 3 Bathrooms 4 Toilets 2 Parking Spaces,3500000.00
Ajah,3 Bedrooms 3 Toilets,1400000.00
Lekki,3 Bedrooms 3 Bathrooms 4 Toilets,1800000.00
Lekki,3 Bedrooms 3 Bathrooms 4 Toilets,4500000.00
VI,3 Bedrooms 2 Bathrooms 3 Toilets,4000000.00
VI,3 Bedrooms 3 Bathrooms 4 Toilets 3 Parking Spaces,12000000.00
VI,3 Bedrooms 3 Bathrooms 4 Toilets 3 Parking Spaces,12000000.00
Ikoyi,3 Bedrooms 3 Bathrooms 4 Toilets 3 Parking Spaces,14000000.00
Ajah,3 Bedrooms 4 Toilets,1300000.00
Ikoyi,3 Bedrooms 3 Bathrooms 4 Toilets 3 Parking Spaces,13000000.00
Lekki,3 Bedrooms 3 Bathrooms 4 Toilets,3000000.00
Lekki,3 Bedrooms 3 Bathrooms 4 Toilets 2 Parking Spaces,2800000.00
Ajah,3 Bedrooms 3 Bathrooms 4 Toilets 3 Parking Spaces,1200000.00
Lekki,3 Bedrooms 3 Bathrooms 4 Toilets,2800000.00
Ajah,3 Bedrooms 3 Bathrooms 4 Toilets 6 Parking Spaces,1300000.00
Ikoyi,3 Bedrooms 3 Bathrooms 4 Toilets 10 Parking Spaces,9000000.00
Ajah,3 Bedrooms 3 Bathrooms 4 Toilets,1000000.00
Ikoyi,3 Bedrooms 2 Bathrooms 3 Toilets 2 Parking Spaces,6000000.00
Ikoyi,3 Bedrooms 3 Bathrooms 4 Toilets 2 Parking Spaces,15000000.00
Ikoyi,3 Bedrooms 3 Bathrooms 4 Toilets 2 Parking Spaces,13000000.00
Ajah,3 Bedrooms 3 Bathrooms 4 Toilets 1 Parking Space,850000.00
Ajah,3 Bedrooms 3 Bathrooms 4 Toilets 3 Parking Spaces,800000.00
Magodo,3 Bedrooms 4 Toilets,2000000.00
Lekki,3 Bedrooms 3 Bathrooms 4 Toilets 3 Parking Spaces,1900000.00
Ajah,3 Bedrooms 3 Bathrooms 4 Toilets 5 Parking Spaces,800000.00
Yaba,3 Bedrooms 4 Bathrooms 4 Toilets 3 Parking Spaces,1600000.00
Ikoyi,3 Bedrooms 3 Bathrooms 4 Toilets,8000000.00
VI,3 Bedrooms 3 Bathrooms 4 Toilets 4 Parking Spaces,5000000.00
Lekki,3 Bedrooms 3 Bathrooms 4 Toilets,2000000.00
VI,3 Bedrooms 4 Bathrooms 4 Toilets,
Lekki,3 Bedrooms 3 Bathrooms,3500000.00
Ikoyi,3 Bedrooms 3 Bathrooms 4 Toilets,7000000.00
Lekki,3 Bedrooms 3 Bathrooms 4 Toilets 2 Parking Spaces,2800000.00
Lekki,3 Bedrooms 3 Bathrooms 4 Toilets 3 Parking Spaces,1800000.00
Yaba,3 Bedrooms 3 Bathrooms 3 Toilets 2 Parking Spaces,2000000.00
Lekki,3 Bedrooms 3 Bathrooms 4 Toilets,30000000.00
Lekki,3 Bedrooms 3 Bathrooms 4 Toilets,2000000.00
Ikoyi,3 Bedrooms 3 Bathrooms 4 Toilets,8000000.00
Ajah,3 Bedrooms 3 Bathrooms 4 Toilets 5 Parking Spaces,1300000.00
Lekki,3 Bedrooms 3 Bathrooms 4 Toilets 2 Parking Spaces,2000000.00
Ikoyi,3 Bedrooms 3 Bathrooms 4 Toilets 3 Parking Spaces,4500000.00
Lekki,3 Bedrooms 3 Bathrooms 2 Toilets,2000000.00
Ajah,3 Bedrooms 3 Bathrooms 4 Toilets 5 Parking Spaces,800000.00
Ajah,3 Bedrooms 3 Bathrooms 4 Toilets 5 Parking Spaces,800000.00
Ikoyi,3 Bedrooms 3 Bathrooms 4 Toilets 3 Parking Spaces,10000000.00
Lekki,3 Bedrooms 3 Bathrooms 4 Toilets 2 Parking Spaces,1700000.00
Lekki,3 Bedrooms 3 Bathrooms 4 Toilets 2 Parking Spaces,2200000.00
Lekki,3 Bedrooms 3 Bathrooms 4 Toilets,2000000.00
VI,3 Bedrooms 3 Bathrooms 4 Toilets,12000000.00
VI,3 Bedrooms 3 Bathrooms 4 Toilets,4000000.00
VI,3 Bedrooms 3 Bathrooms 4 Toilets,5000000.00
Ajah,3 Bedrooms 4 Bathrooms 4 Toilets 10 Parking Spaces,1200000.00
Lekki,3 Bedrooms 4 Bathrooms 4 Toilets 25 Parking Spaces,1200000.00
Lekki,3 Bedrooms 3 Bathrooms 4 Toilets 2 Parking Spaces,2800000.00
Lekki,3 Bedrooms 4 Bathrooms 4 Toilets 15 Parking Spaces,1400000.00
Lekki,3 Bedrooms 3 Bathrooms 4 Toilets,3500000.00
VI,3 Bedrooms 3 Bathrooms 3 Toilets,3500000.00
Lekki,3 Bedrooms 3 Bathrooms 4 Toilets,1800000.00
Lekki,3 Bedrooms 3 Bathrooms 4 Toilets 2 Parking Spaces,3000000.00
Lekki,3 Bedrooms 3 Bathrooms 4 Toilets 2 Parking Spaces,3000000.00
Lekki,3 Bedrooms 4 Bathrooms 4 Toilets 3 Parking Spaces,4500000.00
Lekki,3 Bedrooms 4 Bathrooms 4 Toilets 3 Parking Spaces,2500000.00
Ajah,3 Bedrooms 2 Bathrooms 3 Toilets 2 Parking Spaces,1500000.00
Lekki,3 Bedrooms 3 Bathrooms 4 Toilets,3000000.00
Ojodu,3 Bedrooms 3 Bathrooms 3 Toilets 8 Parking Spaces,750000.00
Lekki,3 Bedrooms 3 Bathrooms 4 Toilets 3 Parking Spaces,3500000.00
Lekki,3 Bedrooms 3 Bathrooms 4 Toilets 2 Parking Spaces,2800000.00
Lekki,3 Bedrooms 2 Bathrooms 3 Toilets,1500000.00
VI,3 Bedrooms 3 Bathrooms 4 Toilets 2 Parking Spaces,3300000.00
Ikeja,3 Bedrooms 4 Bathrooms 4 Toilets,1500000.00
Lekki,3 Bedrooms 3 Bathrooms 3 Toilets,2500000.00
VI,3 Bedrooms 2 Bathrooms 2 Toilets,6000000.00
Lekki,3 Bedrooms 3 Bathrooms 3 Toilets,2300000.00
Ikeja,3 Bedrooms 3 Bathrooms 4 Toilets,1400000.00
Lekki,3 Bedrooms 3 Bathrooms 4 Toilets 2 Parking Spaces,2800000.00
VI,3 Bedrooms 4 Toilets,6000000.00
Ikeja,3 Bedrooms 3 Bathrooms 4 Toilets,1200000.00
Ikeja,3 Bedrooms 3 Bathrooms 4 Toilets,2700000.00
Ikeja,3 Bedrooms 3 Bathrooms 4 Toilets 14 Parking Spaces,1400000.00
Ikeja,3 Bedrooms 3 Bathrooms 4 Toilets,2500000.00
Lekki,3 Bedrooms 3 Bathrooms 4 Toilets,3500000.00
Lekki,3 Bedrooms 3 Bathrooms 4 Toilets 2 Parking Spaces,1500000.00
Lekki,3 Bedrooms 3 Bathrooms 4 Toilets,1800000.00
Lekki,3 Bedrooms 3 Bathrooms 4 Toilets,1800000.00
Lekki,3 Bedrooms 3 Bathrooms 4 Toilets,2100000.00
Lekki,3 Bedrooms,3500000.00
Lekki,3 Bedrooms 3 Bathrooms 4 Toilets 2 Parking Spaces,2800000.00
Lekki,3 Bedrooms 3 Bathrooms 4 Toilets 3 Parking Spaces,2800000.00
Ikoyi,3 Bedrooms 3 Bathrooms 4 Toilets,6000000.00
Lekki,3 Bedrooms 3 Bathrooms 4 Toilets 4 Parking Spaces,5000000.00
Ikeja,3 Bedrooms 3 Bathrooms 4 Toilets 24 Parking Spaces,2500000.00
Lekki,3 Bedrooms 3 Bathrooms 4 Toilets,750000.00
Ajah,3 Bedrooms 4 Bathrooms 4 Toilets 2 Parking Spaces,800000.00
Lekki,3 Bedrooms 3 Bathrooms 4 Toilets 3 Parking Spaces,3000000.00
Lekki,3 Bedrooms 3 Bathrooms 4 Toilets 2 Parking Spaces,4000000.00
Lekki,3 Bedrooms 3 Bathrooms 4 Toilets 2 Parking Spaces,2800000.00
Lekki,3 Bedrooms 3 Bathrooms 4 Toilets 2 Parking Spaces,3000000.00
Lekki,3 Bedrooms 3 Bathrooms 4 Toilets 2 Parking Spaces,3000000.00
VI,3 Bedrooms 3 Bathrooms 4 Toilets 2 Parking Spaces,3500000.00
Lekki,3 Bedrooms 3 Bathrooms 4 Toilets 2 Parking Spaces,3000000.00
Ikoyi,3 Bedrooms 2 Bathrooms 2 Toilets 3 Parking Spaces,3000000.00
Lekki,3 Bedrooms 3 Bathrooms 4 Toilets 2 Parking Spaces,2500000.00
VI,3 Bedrooms 3 Bathrooms 4 Toilets 2 Parking Spaces,6000000.00
Lekki,3 Bedrooms 2 Bathrooms 3 Toilets 2 Parking Spaces,2200000.00
Lekki,3 Bedrooms 4 Bathrooms 4 Toilets 8 Parking Spaces,1100000.00
Lekki,3 Bedrooms 3 Bathrooms 3 Toilets,3000000.00
Lekki,3 Bedrooms 3 Bathrooms 3 Toilets 2 Parking Spaces,3000000.00
Ikoyi,3 Bedrooms 3 Bathrooms 4 Toilets 3 Parking Spaces,10000000.00
Ikeja,3 Bedrooms 3 Bathrooms 4 Toilets 15 Parking Spaces,1200000.00
Lekki,3 Bedrooms 3 Bathrooms 4 Toilets,2300000.00
Lekki,3 Bedrooms 3 Bathrooms 4 Toilets,2800000.00
Ajah,3 Bedrooms 4 Bathrooms 4 Toilets 25 Parking Spaces,1200000.00
Yaba,3 Bedrooms 4 Toilets,2000000.00
VI,3 Bedrooms 2 Bathrooms 3 Toilets 1 Parking Space,4500000.00
Lekki,3 Bedrooms 3 Bathrooms 4 Toilets 2 Parking Spaces,2500000.00
Lekki,3 Bedrooms 3 Bathrooms 4 Toilets 4 Parking Spaces,2600000.00
Lekki,3 Bedrooms 3 Bathrooms 4 Toilets 2 Parking Spaces,2800000.00
Agege,3 Bedrooms 3 Bathrooms 4 Toilets 4 Parking Spaces,700000.00
Lekki,3 Bedrooms 3 Bathrooms 4 Toilets 3 Parking Spaces,3000000.00
Ikeja,3 Bedrooms 3 Bathrooms 4 Toilets 8 Parking Spaces,2700000.00
Lekki,3 Bedrooms 3 Bathrooms 4 Toilets,2300000.00
Ikeja,3 Bedrooms 3 Bathrooms 4 Toilets,2500000.00
Lekki,3 Bedrooms,1800000.00
Lekki,3 Bedrooms 3 Bathrooms 4 Toilets,3500000.00
Lekki,3 Bedrooms 3 Bathrooms 4 Toilets,2300000.00
Ikeja,3 Bedrooms 3 Bathrooms 4 Toilets 2 Parking Spaces,1300000.00
Lekki,3 Bedrooms 3 Bathrooms 4 Toilets,3000000.00
Lekki,3 Bedrooms 3 Bathrooms 4 Toilets 6 Parking Spaces,700000.00
Ajah,3 Bedrooms 3 Bathrooms 4 Toilets 10 Parking Spaces,1000000.00
Lekki,3 Bedrooms 3 Bathrooms 4 Toilets 6 Parking Spaces,700000.00
Lekki,3 Bedrooms 3 Bathrooms 4 Toilets 2 Parking Spaces,2500000.00
VI,3 Bedrooms 3 Bathrooms 4 Toilets 2 Parking Spaces,3000000.00
Lekki,3 Bedrooms 3 Bathrooms 4 Toilets 2 Parking Spaces,2700000.00
Ogudu,3 Bedrooms 4 Bathrooms 4 Toilets,1500000.00
Lekki,3 Bedrooms 3 Bathrooms 4 Toilets 4 Parking Spaces,1900000.00
Lekki,3 Bedrooms 4 Bathrooms 4 Toilets,1900000.00
Ajah,3 Bedrooms 4 Bathrooms 4 Toilets 2 Parking Spaces,800000.00
Lekki,3 Bedrooms 3 Bathrooms 4 Toilets 2 Parking Spaces,2800000.00
Ajah,3 Bedrooms 3 Bathrooms 4 Toilets 10 Parking Spaces,800000.00
VI,3 Bedrooms 3 Bathrooms 4 Toilets 2 Parking Spaces,3000000.00
VI,3 Bedrooms 3 Bathrooms 4 Toilets 2 Parking Spaces,3500000.00
Lekki,3 Bedrooms 3 Bathrooms 4 Toilets,3000000.00
VI,3 Bedrooms 3 Bathrooms 4 Toilets 2 Parking Spaces,3000000.00
Lekki,3 Bedrooms 3 Bathrooms 4 Toilets,2500000.00
Ikoyi,3 Bedrooms 3 Bathrooms 4 Toilets,9000000.00
VI,3 Bedrooms 3 Bathrooms 4 Toilets 2 Parking Spaces,3500000.00
Lekki,3 Bedrooms 3 Bathrooms 4 Toilets,1700000.00
Ikoyi,3 Bedrooms 3 Bathrooms 4 Toilets,10000000.00
Ikoyi,3 Bedrooms,7000000.00
Ajah,3 Bedrooms 4 Bathrooms 4 Toilets 10 Parking Spaces,1500000.00
Ajah,3 Bedrooms 4 Bathrooms 4 Toilets 20 Parking Spaces,900000.00
Lekki,3 Bedrooms 2 Bathrooms 3 Toilets 2 Parking Spaces,1800000.00
Ikoyi,3 Bedrooms 4 Bathrooms 4 Toilets,13000000.00
Yaba,3 Bedrooms 4 Bathrooms 4 Toilets 2 Parking Spaces,2000000.00
Lekki,3 Bedrooms 3 Bathrooms 4 Toilets 2 Parking Spaces,2000000.00
Magodo,3 Bedrooms 3 Bathrooms 4 Toilets,1500000.00
Ojodu,3 Bedrooms 3 Bathrooms 4 Toilets,1300000.00
Lekki,3 Bedrooms 3 Bathrooms 3 Toilets 2 Parking Spaces,2000000.00
Lekki,3 Bedrooms 3 Bathrooms 4 Toilets 2 Parking Spaces,2800000.00
Lekki,3 Bedrooms 3 Bathrooms 4 Toilets 2 Parking Spaces,2500000.00
Lekki,3 Bedrooms 2 Bathrooms 4 Toilets 8 Parking Spaces,2000000.00
Lekki,3 Bedrooms 2 Bathrooms 3 Toilets,1900000.00
VI,3 Bedrooms 3 Bathrooms 4 Toilets 2 Parking Spaces,10000000.00
Ajah,3 Bedrooms 3 Bathrooms 4 Toilets,1000000.00
Ajah,3 Bedrooms 3 Bathrooms 4 Toilets,800000.00
Ikoyi,3 Bedrooms 3 Bathrooms 4 Toilets,15000000.00
Lekki,3 Bedrooms 3 Bathrooms 4 Toilets 3 Parking Spaces,2200000.00
Lekki,3 Bedrooms 2 Bathrooms 3 Toilets 3 Parking Spaces,2500000.00
Ajah,3 Bedrooms 4 Bathrooms 4 Toilets 2 Parking Spaces,900000.00
Gbagada,3 Bedrooms 3 Bathrooms 4 Toilets 2 Parking Spaces,2500000.00
Ikoyi,3 Bedrooms 3 Bathrooms 4 Toilets,3500000.00
Lekki,3 Bedrooms 3 Bathrooms 4 Toilets,1700000.00
Ikeja,3 Bedrooms 3 Bathrooms 3 Toilets 8 Parking Spaces,700000.00
Ikeja,3 Bedrooms 2 Bathrooms 3 Toilets,650000.00
VI,3 Bedrooms 3 Bathrooms 4 Toilets 3 Parking Spaces,4000000.00
Ajah,3 Bedrooms 3 Bathrooms 4 Toilets 10 Parking Spaces,900000.00
Ajah,3 Bedrooms 3 Bathrooms 4 Toilets,850000.00
Lekki,3 Bedrooms 3 Bathrooms 4 Toilets 2 Parking Spaces,3000000.00
Lekki,3 Bedrooms 3 Bathrooms 2 Parking Spaces,2800000.00
Lekki,3 Bedrooms 3 Bathrooms 4 Toilets 2 Parking Spaces,2800000.00
Lekki,3 Bedrooms 3 Bathrooms 4 Toilets 2 Parking Spaces,2000000.00
Ajah,3 Bedrooms 3 Bathrooms 4 Toilets 6 Parking Spaces,800000.00
Ajah,3 Bedrooms 3 Bathrooms 4 Toilets,700000.00
Ajah,3 Bedrooms 3 Bathrooms 4 Toilets,1000000.00
Ajah,3 Bedrooms 3 Bathrooms 4 Toilets 2 Parking Spaces,1500000.00
Maryland,3 Bedrooms 3 Bathrooms 3 Toilets 3 Parking Spaces,2500000.00
Ikeja,3 Bedrooms 3 Bathrooms 3 Toilets,1200000.00
Lekki,3 Bedrooms 3 Bathrooms 4 Toilets,1600000.00
Lekki,3 Bedrooms,3000000.00
Ikoyi,3 Bedrooms 3 Bathrooms 4 Toilets 4 Parking Spaces,30000000.00
Lekki,3 Bedrooms 3 Bathrooms 4 Toilets,2500000.00
Lekki,3 Bedrooms 4 Bathrooms 4 Toilets,1700000.00
Ajah,3 Bedrooms,700000.00
Ikoyi,3 Bedrooms 3 Bathrooms 4 Toilets 3 Parking Spaces,12000000.00
Ikeja,3 Bedrooms 3 Bathrooms 4 Toilets 16 Parking Spaces,8000000.00
Isolo,3 Bedrooms 3 Bathrooms 4 Toilets 10 Parking Spaces,950000.00
Ikeja,3 Bedrooms,15000000.00
Magodo,3 Bedrooms 3 Bathrooms 4 Toilets 3 Parking Spaces,1800000.00
Lekki,3 Bedrooms 3 Bathrooms 4 Toilets,2000000.00
Ikoyi,3 Bedrooms 3 Bathrooms 4 Toilets 2 Parking Spaces,14000000.00
Lekki,3 Bedrooms 3 Bathrooms 4 Toilets 2 Parking Spaces,2800000.00
VI,3 Bedrooms 3 Bathrooms 4 Toilets,8000000.00
Ikoyi,3 Bedrooms 3 Bathrooms 4 Toilets,5000000.00
Lekki,3 Bedrooms 3 Bathrooms 4 Toilets 2 Parking Spaces,1800000.00
Ikoyi,3 Bedrooms 3 Bathrooms 4 Toilets 2 Parking Spaces,8000000.00
Lekki,3 Bedrooms 3 Bathrooms 3 Toilets 3 Parking Spaces,3500000.00
Lekki,3 Bedrooms 3 Bathrooms 4 Toilets 2 Parking Spaces,3000000.00
Ikoyi,3 Bedrooms 3 Bathrooms 3 Toilets 2 Parking Spaces,9000000.00
Ikoyi,3 Bedrooms 3 Bathrooms 4 Toilets 12 Parking Spaces,6000000.00
Ikoyi,3 Bedrooms 3 Bathrooms 4 Toilets 2 Parking Spaces,18000000.00
VI,3 Bedrooms 3 Bathrooms 3 Toilets 1 Parking Space,3500000.00
Ajah,3 Bedrooms 3 Bathrooms 4 Toilets 15 Parking Spaces,1500000.00
Ikoyi,3 Bedrooms 4 Bathrooms 4 Toilets 2 Parking Spaces,8000000.00
Ajah,3 Bedrooms 3 Bathrooms 3 Toilets 2 Parking Spaces,1200000.00
Lekki,3 Bedrooms 3 Bathrooms 4 Toilets,3500000.00
Lekki,3 Bedrooms 3 Bathrooms 4 Toilets 2 Parking Spaces,2000000.00
Lekki,3 Bedrooms 3 Bathrooms 4 Toilets,3000000.00
Ajah,3 Bedrooms 3 Bathrooms 4 Toilets,1500000.00
Lekki,3 Bedrooms 3 Bathrooms 4 Toilets 3 Parking Spaces,2000000.00
Ikoyi,3 Bedrooms 3 Bathrooms 4 Toilets 2 Parking Spaces,12000000.00
Ikeja,3 Bedrooms 4 Bathrooms 4 Toilets,4000000.00
Lekki,3 Bedrooms 3 Bathrooms 4 Toilets 2 Parking Spaces,2800000.00
Ikeja,3 Bedrooms 3 Bathrooms 3 Toilets,1000000.00
Yaba,3 Bedrooms 3 Bathrooms 4 Toilets,2000000.00
Lekki,3 Bedrooms 4 Bathrooms 4 Toilets,2700000.00
Agege,3 Bedrooms 3 Bathrooms 3 Toilets 3 Parking Spaces,650000.00
Gbagada,3 Bedrooms 3 Bathrooms 4 Toilets 2 Parking Spaces,2200000.00
VI,3 Bedrooms 3 Bathrooms 4 Toilets 3 Parking Spaces,
Ogudu,3 Bedrooms 3 Bathrooms 4 Toilets 2 Parking Spaces,3000000.00
Lekki,3 Bedrooms 3 Bathrooms 4 Toilets,1800000.00
Lekki,3 Bedrooms 3 Bathrooms 4 Toilets 2 Parking Spaces,2000000.00
Lekki,3 Bedrooms 4 Bathrooms 4 Toilets 12 Parking Spaces,1200000.00
Ikoyi,3 Bedrooms 3 Bathrooms 4 Toilets 3 Parking Spaces,15000000.00
VI,3 Bedrooms,5000000.00
Lekki,3 Bedrooms 3 Bathrooms 4 Toilets 2 Parking Spaces,2800000.00
Ikoyi,3 Bedrooms 4 Bathrooms 4 Toilets 5 Parking Spaces,10000000.00
Gbagada,3 Bedrooms 2 Bathrooms 3 Toilets 2 Parking Spaces,900000.00
Ajah,3 Bedrooms 3 Bathrooms 4 Toilets 2 Parking Spaces,700000.00
Lekki,3 Bedrooms 3 Bathrooms 4 Toilets 3 Parking Spaces,3000000.00
Ajah,3 Bedrooms 3 Bathrooms 4 Toilets,400000.00
Ikoyi,3 Bedrooms 4 Bathrooms 4 Toilets 3 Parking Spaces,12000000.00
Ikoyi,3 Bedrooms,13000000.00
Lekki,3 Bedrooms 3 Bathrooms 4 Toilets 2 Parking Spaces,2800000.00
Surulere,3 Bedrooms 3 Bathrooms 4 Toilets 2 Parking Spaces,1350000.00
Ikoyi,3 Bedrooms 3 Bathrooms 4 Toilets 2 Parking Spaces,5500000.00
VI,3 Bedrooms 3 Bathrooms 4 Toilets 2 Parking Spaces,3000000.00
Lekki,3 Bedrooms 4 Bathrooms 4 Toilets 12 Parking Spaces,1800000.00
Ikeja,3 Bedrooms 3 Bathrooms 4 Toilets 1 Parking Space,1200000.00
Gbagada,3 Bedrooms 3 Bathrooms 4 Toilets 3 Parking Spaces,1500000.00
Lekki,3 Bedrooms 3 Bathrooms 4 Toilets 5 Parking Spaces,2700000.00
Ajah,3 Bedrooms 3 Bathrooms 4 Toilets,1100000.00
Lekki,3 Bedrooms 3 Bathrooms 3 Toilets,800000.00
Lekki,3 Bedrooms 3 Bathrooms 4 Toilets,3000000.00
Ikoyi,3 Bedrooms 4 Bathrooms 4 Toilets,6500000.00
Ikoyi,3 Bedrooms 3 Bathrooms 4 Toilets,8000000.00
Ikoyi,3 Bedrooms 3 Bathrooms 4 Toilets 2 Parking Spaces,18000000.00
Ikoyi,3 Bedrooms 3 Bathrooms 4 Toilets,10000000.00
VI,3 Bedrooms 4 Bathrooms 3 Toilets,5000000.00
VI,3 Bedrooms 3 Bathrooms 4 Toilets,10000000.00
Lekki,3 Bedrooms 3 Bathrooms 4 Toilets 2 Parking Spaces,1700000.00
Ikoyi,3 Bedrooms 4 Bathrooms 4 Toilets,10000000.00
Ajah,3 Bedrooms 3 Bathrooms 4 Toilets,1500000.00
Ajah,3 Bedrooms 3 Bathrooms 3 Toilets,900000.00
Lekki,3 Bedrooms 3 Bathrooms 4 Toilets 2 Parking Spaces,2800000.00
Lekki,3 Bedrooms 3 Bathrooms 4 Toilets 3 Parking Spaces,2800000.00
Lekki,3 Bedrooms 3 Bathrooms 3 Toilets,2000000.00
Ajah,3 Bedrooms 3 Bathrooms 4 Toilets 2 Parking Spaces,1000000.00
Ikoyi,3 Bedrooms 2 Bathrooms 2 Toilets,3500000.00
Ajah,3 Bedrooms 3 Bathrooms 4 Toilets 4 Parking Spaces,1200000.00
Ikoyi,3 Bedrooms 3 Bathrooms 4 Toilets 2 Parking Spaces,
Lekki,3 Bedrooms 3 Bathrooms 4 Toilets,2500000.00
Ikoyi,3 Bedrooms 3 Bathrooms 4 Toilets 2 Parking Spaces,15000000.00
Ikoyi,3 Bedrooms 3 Bathrooms 4 Toilets,3000000.00
VI,3 Bedrooms 3 Bathrooms 4 Toilets,4000000.00
VI,3 Bedrooms 3 Bathrooms 4 Toilets,3500000.00
Ikoyi,3 Bedrooms 3 Bathrooms 4 Toilets 2 Parking Spaces,12000000.00
Ikoyi,3 Bedrooms 3 Bathrooms 4 Toilets 2 Parking Spaces,23000000.00
VI,3 Bedrooms 3 Bathrooms 4 Toilets 2 Parking Spaces,12000000.00
Ikoyi,3 Bedrooms 2 Bathrooms 3 Toilets 2 Parking Spaces,8500000.00
Lekki,3 Bedrooms 3 Bathrooms 4 Toilets 3 Parking Spaces,3000000.00
Ajah,3 Bedrooms 3 Bathrooms 4 Toilets,3000000.00
Lekki,3 Bedrooms 3 Bathrooms 3 Toilets 5 Parking Spaces,1800000.00
Ajah,3 Bedrooms 3 Bathrooms 4 Toilets,800000.00
Ajah,3 Bedrooms 3 Bathrooms 4 Toilets,800000.00
Lekki,3 Bedrooms 3 Bathrooms 4 Toilets 2 Parking Spaces,2800000.00
Lekki,3 Bedrooms 3 Bathrooms 4 Toilets 2 Parking Spaces,3000000.00
VI,3 Bedrooms 2 Bathrooms 3 Toilets 1 Parking Space,3500000.00
Ikoyi,3 Bedrooms 3 Bathrooms 4 Toilets,11000000.00
Lekki,3 Bedrooms 3 Bathrooms 4 Toilets 2 Parking Spaces,2600000.00
Lekki,3 Bedrooms 3 Bathrooms 3 Toilets,2000000.00
Lekki,3 Bedrooms 3 Bathrooms 4 Toilets 8 Parking Spaces,2500000.00
Lekki,3 Bedrooms 3 Bathrooms 4 Toilets 2 Parking Spaces,2700000.00
Lekki,3 Bedrooms 3 Bathrooms 4 Toilets 2 Parking Spaces,3500000.00
VI,3 Bedrooms 3 Bathrooms 4 Toilets,4000000.00
VI,3 Bedrooms 4 Toilets,5000000.00
Ajah,3 Bedrooms 3 Bathrooms 3 Toilets,1500000.00
Lekki,3 Bedrooms 3 Bathrooms 3 Toilets,1800000.00
Ajah,3 Bedrooms 3 Bathrooms 4 Toilets 8 Parking Spaces,1100000.00
Lekki,3 Bedrooms 3 Bathrooms 4 Toilets,3500000.00
VI,3 Bedrooms,5000000.00
VI,3 Bedrooms 3 Bathrooms 4 Toilets,6500000.00
Maryland,3 Bedrooms 3 Bathrooms 5 Toilets 2 Parking Spaces,1700000.00
Ikoyi,3 Bedrooms 3 Bathrooms 4 Toilets,10000000.00
Ikoyi,3 Bedrooms 3 Bathrooms 4 Toilets,12000000.00
Lekki,3 Bedrooms 3 Bathrooms 4 Toilets,9500000.00
Lekki,3 Bedrooms 3 Bathrooms 4 Toilets 2 Parking Spaces,2800000.00
Lekki,3 Bedrooms 3 Bathrooms 4 Toilets 2 Parking Spaces,3500000.00
Ikoyi,3 Bedrooms 3 Bathrooms 4 Toilets,10000000.00
Lekki,3 Bedrooms 3 Bathrooms 4 Toilets,4000000.00
Lekki,3 Bedrooms 3 Bathrooms 3 Toilets,2800000.00
Lekki,3 Bedrooms 3 Bathrooms 4 Toilets 1 Parking Space,2500000.00
Ajah,3 Bedrooms 3 Bathrooms 4 Toilets 2 Parking Spaces,1000000.00
Lekki,3 Bedrooms 3 Bathrooms 3 Toilets,2700000.00
Ikotun,3 Bedrooms 3 Bathrooms 4 Toilets 8 Parking Spaces,300000.00
Lekki,3 Bedrooms 3 Bathrooms 3 Toilets,1700000.00
Lekki,3 Bedrooms 2 Bathrooms 3 Toilets 3 Parking Spaces,1200000.00
Ikoyi,3 Bedrooms 3 Bathrooms 4 Toilets 2 Parking Spaces,10000000.00
Ajah,3 Bedrooms 4 Bathrooms 5 Toilets,1500000.00
Lekki,3 Bedrooms 3 Bathrooms 4 Toilets 2 Parking Spaces,2300000.00
North,3 Bedrooms 3 Bathrooms 3 Toilets,1000000.00
Ikoyi,3 Bedrooms 3 Bathrooms 4 Toilets 2 Parking Spaces,14000000.00
Ikoyi,3 Bedrooms 3 Bathrooms 4 Toilets 2 Parking Spaces,12500000.00
VI,3 Bedrooms 3 Bathrooms 4 Toilets 2 Parking Spaces,9000000.00
Lekki,3 Bedrooms,3000000.00
Lekki,3 Bedrooms 3 Bathrooms 4 Toilets,1400000.00
Ikoyi,3 Bedrooms 3 Bathrooms 4 Toilets 2 Parking Spaces,5500000.00
Lekki,3 Bedrooms 3 Bathrooms 4 Toilets 2 Parking Spaces,2800000.00
Ikoyi,3 Bedrooms 3 Bathrooms 4 Toilets,9000000.00
VI,3 Bedrooms 3 Bathrooms 4 Toilets,3000000.00
Lekki,3 Bedrooms 3 Bathrooms 4 Toilets 2 Parking Spaces,800000.00
Yaba,3 Bedrooms 3 Bathrooms 3 Toilets 2 Parking Spaces,1200000.00
Lekki,3 Bedrooms 3 Bathrooms 4 Toilets 3 Parking Spaces,2000000.00
Lekki,3 Bedrooms 3 Bathrooms 4 Toilets,1800000.00
Lekki,3 Bedrooms 3 Bathrooms 4 Toilets,2000000.00
Ikoyi,3 Bedrooms 3 Bathrooms 4 Toilets,9000000.00
Lekki,3 Bedrooms 3 Bathrooms 3 Toilets,4000000.00
Ikoyi,3 Bedrooms 3 Bathrooms 4 Toilets 2 Parking Spaces,7000000.00
Ikoyi,3 Bedrooms 4 Bathrooms 3 Toilets 2 Parking Spaces,6500000.00
Lekki,3 Bedrooms 3 Bathrooms 3 Toilets 2 Parking Spaces,4000000.00
Ikoyi,3 Bedrooms 3 Bathrooms 3 Toilets,9000000.00
Lekki,3 Bedrooms 3 Bathrooms 4 Toilets 2 Parking Spaces,5000000.00
Lekki,3 Bedrooms 3 Bathrooms 4 Toilets,3000000.00
Surulere,3 Bedrooms 4 Bathrooms 4 Toilets,1300000.00
Lekki,3 Bedrooms 3 Bathrooms 4 Toilets 2 Parking Spaces,3000000.00
Lekki,3 Bedrooms 3 Bathrooms 4 Toilets 2 Parking Spaces,2500000.00
Lekki,3 Bedrooms 3 Bathrooms 4 Toilets 3 Parking Spaces,3500000.00
Lekki,3 Bedrooms 3 Bathrooms 4 Toilets 2 Parking Spaces,7500000.00
Lekki,3 Bedrooms 3 Bathrooms 4 Toilets 2 Parking Spaces,2800000.00
Lekki,3 Bedrooms 3 Bathrooms 3 Toilets,1800000.00
VI,3 Bedrooms 3 Bathrooms 4 Toilets 3 Parking Spaces,3000000.00
Lekki,3 Bedrooms 3 Bathrooms 4 Toilets,3000000.00
Lekki,3 Bedrooms 3 Bathrooms 4 Toilets,3500000.00
Lekki,3 Bedrooms 3 Bathrooms 4 Toilets 2 Parking Spaces,3500000.00
Ajah,3 Bedrooms 4 Bathrooms 4 Toilets 10 Parking Spaces,1000000.00
Lekki,3 Bedrooms 3 Bathrooms 4 Toilets 2 Parking Spaces,3000000.00
Ikeja,3 Bedrooms 3 Bathrooms 4 Toilets 1 Parking Space,1100000.00
Ojodu,3 Bedrooms 3 Bathrooms 4 Toilets,1300000.00
Ikoyi,3 Bedrooms 3 Bathrooms 4 Toilets 2 Parking Spaces,13000000.00
Ikoyi,3 Bedrooms 3 Bathrooms 4 Toilets 2 Parking Spaces,10000000.00
Ikoyi,3 Bedrooms 3 Bathrooms 4 Toilets 2 Parking Spaces,6500000.00
VI,3 Bedrooms 2 Bathrooms 3 Toilets,2600000.00
Lekki,3 Bedrooms 3 Bathrooms 4 Toilets,3800000.00
Lekki,3 Bedrooms 3 Bathrooms 4 Toilets 4 Parking Spaces,2600000.00
Lekki,3 Bedrooms 3 Bathrooms 4 Toilets 3 Parking Spaces,2800000.00
Ajah,3 Bedrooms 3 Bathrooms 4 Toilets 8 Parking Spaces,1300000.00
Ikoyi,3 Bedrooms 3 Bathrooms 4 Toilets 2 Parking Spaces,10000000.00
VI,3 Bedrooms 3 Bathrooms 4 Toilets,
VI,3 Bedrooms 4 Toilets,3500000.00
Lekki,3 Bedrooms 3 Bathrooms 4 Toilets 2 Parking Spaces,2800000.00
Ajah,3 Bedrooms 3 Bathrooms 4 Toilets,900000.00
Ikoyi,3 Bedrooms 3 Bathrooms 4 Toilets,7000000.00
Lekki,3 Bedrooms 3 Bathrooms 4 Toilets 3 Parking Spaces,4000000.00
Lekki,3 Bedrooms 3 Bathrooms 4 Toilets 3 Parking Spaces,1800000.00
Ikoyi,3 Bedrooms 4 Toilets,13000000.00
Ikoyi,3 Bedrooms 3 Bathrooms 4 Toilets,7000000.00
Ajah,3 Bedrooms 3 Bathrooms 4 Toilets,1400000.00
Ajah,3 Bedrooms 3 Bathrooms 4 Toilets 20 Parking Spaces,1000000.00
Lekki,3 Bedrooms 3 Bathrooms 4 Toilets,1800000.00
VI,3 Bedrooms 2 Bathrooms 2 Toilets 3 Parking Spaces,2500000.00
Lekki,3 Bedrooms 3 Bathrooms 4 Toilets 3 Parking Spaces,2300000.00
Ikeja,3 Bedrooms 3 Bathrooms 4 Toilets,1100000.00
Ikoyi,3 Bedrooms 3 Bathrooms 4 Toilets 3 Parking Spaces,6000000.00
VI,3 Bedrooms 4 Toilets,6000000.00
Ikoyi,3 Bedrooms 3 Bathrooms 4 Toilets,9000000.00
Lekki,3 Bedrooms 3 Bathrooms 4 Toilets 2 Parking Spaces,3000000.00
Lekki,3 Bedrooms 3 Bathrooms 4 Toilets 2 Parking Spaces,3000000.00
Lekki,3 Bedrooms 2 Bathrooms 3 Toilets 3 Parking Spaces,1200000.00
Maryland,3 Bedrooms 2 Bathrooms 2 Toilets,1700000.00
Lekki,3 Bedrooms 3 Bathrooms 4 Toilets 2 Parking Spaces,4000000.00
Lekki,3 Bedrooms 3 Bathrooms 4 Toilets 2 Parking Spaces,2800000.00
Ikoyi,3 Bedrooms 3 Bathrooms 4 Toilets,6500000.00
Ajah,3 Bedrooms 3 Bathrooms 4 Toilets 10 Parking Spaces,1400000.00
Lekki,3 Bedrooms 3 Bathrooms 3 Toilets 2 Parking Spaces,4500000.00
VI,3 Bedrooms 3 Bathrooms 4 Toilets 4 Parking Spaces,4500000.00
Ikoyi,3 Bedrooms 3 Bathrooms 4 Toilets 2 Parking Spaces,4000000.00
Lekki,3 Bedrooms 4 Bathrooms 4 Toilets,2800000.00
Maryland,3 Bedrooms,1800000.00
Lekki,3 Bedrooms 3 Bathrooms 4 Toilets 2 Parking Spaces,3000000.00
Lekki,3 Bedrooms 3 Bathrooms 4 Toilets 2 Parking Spaces,4000000.00
VI,3 Bedrooms 3 Bathrooms 4 Toilets,3600000.00
Ikoyi,3 Bedrooms 3 Bathrooms 4 Toilets 5 Parking Spaces,4000000.00
VI,3 Bedrooms 3 Bathrooms 4 Toilets 2 Parking Spaces,2700000.00
VI,3 Bedrooms 3 Toilets,5500000.00
VI,3 Bedrooms 3 Bathrooms 4 Toilets,20000000.00
Lekki,3 Bedrooms 3 Bathrooms 4 Toilets 3 Parking Spaces,1650000.00
Lekki,3 Bedrooms 4 Toilets,5500000.00
Oshodi,3 Bedrooms,700000.00
Ikoyi,3 Bedrooms 3 Bathrooms 4 Toilets 2 Parking Spaces,12000000.00
Gbagada,3 Bedrooms 3 Bathrooms 4 Toilets 4 Parking Spaces,2500000.00
VI,3 Bedrooms 3 Bathrooms 4 Toilets 3 Parking Spaces,3500000.00
Lekki,3 Bedrooms 3 Bathrooms 4 Toilets 2 Parking Spaces,2800000.00
Lekki,3 Bedrooms 3 Bathrooms 4 Toilets 2 Parking Spaces,1500000.00
Lekki,3 Bedrooms 3 Bathrooms 4 Toilets 2 Parking Spaces,3000000.00
Lekki,3 Bedrooms 3 Bathrooms 4 Toilets,1500000.00
Ojodu,3 Bedrooms 3 Bathrooms 4 Toilets,1000000.00
Lekki,3 Bedrooms 3 Bathrooms 4 Toilets 2 Parking Spaces,2900000.00
Isolo,3 Bedrooms 2 Bathrooms 2 Toilets 1 Parking Space,800000.00
Ajah,3 Bedrooms 4 Bathrooms 4 Toilets 4 Parking Spaces,1000000.00
Ikoyi,3 Bedrooms 3 Bathrooms 4 Toilets 4 Parking Spaces,15000000.00
Lekki,3 Bedrooms 3 Bathrooms 4 Toilets 2 Parking Spaces,2000000.00
Ikeja,3 Bedrooms 2 Bathrooms 3 Toilets 7 Parking Spaces,600000.00
Ajah,3 Bedrooms 2 Bathrooms 3 Toilets 5 Parking Spaces,1100000.00
Ajah,3 Bedrooms 2 Bathrooms 3 Toilets 6 Parking Spaces,1000000.00
Lekki,3 Bedrooms 3 Bathrooms 4 Toilets 3 Parking Spaces,1600000.00
Ikoyi,3 Bedrooms 3 Bathrooms 4 Toilets 30 Parking Spaces,4000000.00
Lekki,3 Bedrooms 3 Bathrooms 4 Toilets,3000000.00
Lekki,3 Bedrooms 4 Toilets 3 Parking Spaces,4000000.00
VI,3 Bedrooms 4 Bathrooms 4 Toilets,3500000.00
Ikoyi,3 Bedrooms 3 Bathrooms 4 Toilets 3 Parking Spaces,13000000.00
Lekki,3 Bedrooms 3 Bathrooms 4 Toilets,4000000.00
VI,3 Bedrooms 3 Bathrooms 4 Toilets 2 Parking Spaces,5000000.00
Lekki,3 Bedrooms 3 Bathrooms 4 Toilets 2 Parking Spaces,2800000.00
Ikorodu,3 Bedrooms 4 Bathrooms 4 Toilets 10 Parking Spaces,500000.00
Lekki,3 Bedrooms 3 Bathrooms 4 Toilets 8 sqm Covered Area,1800000.00
Lekki,3 Bedrooms 2 Bathrooms 3 Toilets 2 Parking Spaces,2500000.00
Ajah,3 Bedrooms 3 Bathrooms 3 Toilets 5 Parking Spaces,1200000.00
Ikoyi,3 Bedrooms,5000000.00
Ikoyi,3 Bedrooms 3 Bathrooms 4 Toilets,14000000.00
Ajah,3 Bedrooms,1800000.00
VI,3 Bedrooms,3500000.00
Lekki,3 Bedrooms,3000000.00
Ajah,3 Bedrooms 3 Bathrooms 4 Toilets 2 Parking Spaces,750000.00
Ajah,3 Bedrooms 3 Bathrooms 4 Toilets 2 Parking Spaces,800000.00
Ajah,3 Bedrooms 3 Bathrooms 4 Toilets 5 Parking Spaces,1600000.00
Ajah,3 Bedrooms 3 Bathrooms 4 Toilets,900000.00
Lekki,3 Bedrooms 3 Bathrooms 4 Toilets,1800000.00
Ikorodu,3 Bedrooms 3 Bathrooms 4 Toilets 6 Parking Spaces,700000.00
Ikoyi,3 Bedrooms 3 Bathrooms,6500000.00
Ikoyi,3 Bedrooms 2 Parking Spaces,5000000.00
Ajah,3 Bedrooms 3 Bathrooms 4 Toilets,700000.00
Ajah,3 Bedrooms 3 Bathrooms 3 Toilets,600000.00
Lekki,3 Bedrooms 3 Bathrooms 4 Toilets,1900000.00
Lekki,3 Bedrooms 3 Bathrooms 4 Toilets 2 Parking Spaces,2800000.00
Gbagada,3 Bedrooms 2 Bathrooms 3 Toilets 2 Parking Spaces,1300000.00
Ojodu,3 Bedrooms 3 Bathrooms 4 Toilets,1200000.00
Magodo,3 Bedrooms 3 Bathrooms 4 Toilets,1500000.00
Ajah,3 Bedrooms 3 Bathrooms 4 Toilets 5 Parking Spaces,1500000.00
Ajah,3 Bedrooms 3 Bathrooms 4 Toilets,1300000.00
Lekki,3 Bedrooms 4 Bathrooms 4 Toilets 2 Parking Spaces,
VI,3 Bedrooms 3 Bathrooms 4 Toilets 2 Parking Spaces,4000000.00
Lekki,3 Bedrooms 3 Bathrooms 4 Toilets,3500000.00
Ojodu,3 Bedrooms 3 Bathrooms 3 Toilets,550000.00
Ojodu,3 Bedrooms 3 Bathrooms 3 Toilets,350000.00
Ikoyi,3 Bedrooms 3 Bathrooms 4 Toilets,10000000.00
Ikoyi,3 Bedrooms 3 Bathrooms 4 Toilets,8500000.00
Ikoyi,3 Bedrooms 3 Bathrooms 4 Toilets,10000000.00
Ikoyi,3 Bedrooms 3 Bathrooms 4 Toilets,15000000.00
Ikoyi,3 Bedrooms 3 Bathrooms 4 Toilets,7500000.00
Lekki,3 Bedrooms 3 Bathrooms 4 Toilets 2 Parking Spaces,2100000.00
City,3 Bedrooms 3 Bathrooms 4 Toilets 3 Parking Spaces,
Ikoyi,3 Bedrooms 3 Bathrooms 4 Toilets 2 Parking Spaces,7500000.00
Ikeja,3 Bedrooms 1 Bathroom 1 Toilet,500000.00
Lekki,3 Bedrooms 3 Bathrooms 4 Toilets 2 Parking Spaces,3000000.00
Lekki,3 Bedrooms 3 Bathrooms 4 Toilets 2 Parking Spaces,2800000.00
Ikeja,3 Bedrooms 3 Bathrooms 4 Toilets,3000000.00
Lekki,3 Bedrooms 3 Bathrooms 4 Toilets 4 Parking Spaces,800000.00
Maryland,3 Bedrooms 3 Bathrooms 3 Toilets,1600000.00
Ikoyi,3 Bedrooms 3 Bathrooms 4 Toilets,5000000.00
Ajah,3 Bedrooms 3 Bathrooms 4 Toilets 9 Parking Spaces,1600000.00
Ikoyi,3 Bedrooms 3 Bathrooms 4 Toilets 2 Parking Spaces,7000000.00
Ikoyi,3 Bedrooms 4 Bathrooms 4 Toilets 4 Parking Spaces,7000000.00
Ikoyi,3 Bedrooms 3 Bathrooms 4 Toilets 2 Parking Spaces,15000000.00
VI,3 Bedrooms 3 Bathrooms 4 Toilets 3 Parking Spaces,15000000.00
Ikoyi,3 Bedrooms 3 Bathrooms 4 Toilets 3 Parking Spaces,14000000.00
Ikoyi,3 Bedrooms 3 Bathrooms 4 Toilets 2 Parking Spaces,17000000.00
VI,3 Bedrooms 3 Bathrooms 4 Toilets 2 Parking Spaces,25000000.00
VI,3 Bedrooms 3 Bathrooms 4 Toilets 2 Parking Spaces,
VI,3 Bedrooms 3 Bathrooms 4 Toilets 2 Parking Spaces,25000000.00
Ikoyi,3 Bedrooms 3 Bathrooms 4 Toilets 2 Parking Spaces,15000000.00
Ikoyi,3 Bedrooms 3 Bathrooms 4 Toilets 3 Parking Spaces,9000000.00
Gbagada,3 Bedrooms 2 Bathrooms 3 Toilets,1500000.00
Lekki,3 Bedrooms 3 Bathrooms 4 Toilets 10 Parking Spaces,1300000.00
Ikeja,3 Bedrooms 3 Bathrooms 4 Toilets,2500000.00
Ikoyi,3 Bedrooms 3 Bathrooms 4 Toilets 2 Parking Spaces,11000000.00
Lekki,3 Bedrooms 3 Bathrooms 4 Toilets 2 Parking Spaces,2800000.00
Surulere,3 Bedrooms 3 Bathrooms 2 Toilets 2 Parking Spaces,1300000.00
Lekki,3 Bedrooms 3 Bathrooms 4 Toilets 2 Parking Spaces,8000000.00
VI,3 Bedrooms 3 Bathrooms 4 Toilets 3 Parking Spaces,4000000.00
VI,3 Bedrooms 3 Bathrooms 4 Toilets 2 Parking Spaces,4000000.00
Lekki,3 Bedrooms 3 Bathrooms 4 Toilets 2 Parking Spaces,2600000.00
Isolo,3 Bedrooms 3 Bathrooms 4 Toilets,750000.00
VI,3 Bedrooms 3 Bathrooms 4 Toilets 1 Parking Space,3800000.00
Surulere,3 Bedrooms 3 Bathrooms 4 Toilets 2 Parking Spaces,2500000.00
Lekki,3 Bedrooms 3 Bathrooms 4 Toilets 2 Parking Spaces,3000000.00
Lekki,3 Bedrooms 3 Bathrooms 4 Toilets 2 Parking Spaces,7500000.00
Lekki,3 Bedrooms 3 Bathrooms 4 Toilets 2 Parking Spaces,3000000.00
Lekki,3 Bedrooms 3 Bathrooms 4 Toilets,2500000.00
Ajah,3 Bedrooms 3 Bathrooms 4 Toilets 2 Parking Spaces,1500000.00
Ajah,3 Bedrooms 4 Bathrooms 3 Toilets,1000000.00
Lekki,3 Bedrooms 3 Bathrooms 4 Toilets 2 Parking Spaces,3000000.00
Lekki,3 Bedrooms 3 Bathrooms 4 Toilets,3500000.00
Ikoyi,3 Bedrooms 3 Bathrooms 4 Toilets,13000000.00
Ojodu,3 Bedrooms 3 Bathrooms 2 Toilets,900000.00
Ikeja,3 Bedrooms 3 Bathrooms 4 Toilets,2500000.00
Ikeja,3 Bedrooms 3 Bathrooms 3 Toilets,1800000.00
Lekki,3 Bedrooms 3 Bathrooms 4 Toilets 2 Parking Spaces,2800000.00
VI,3 Bedrooms 3 Bathrooms 4 Toilets,3000000.00
Ikoyi,3 Bedrooms 3 Bathrooms 4 Toilets,5000000.00
Lekki,3 Bedrooms 3 Bathrooms 4 Toilets,2500000.00
Lekki,3 Bedrooms 3 Bathrooms 4 Toilets 2 Parking Spaces,2000000.00
Lekki,3 Bedrooms 3 Bathrooms 4 Toilets 2 Parking Spaces,3000000.00
Ikoyi,3 Bedrooms,7000000.00
City,3 Bedrooms 3 Bathrooms 4 Toilets,20000000.00
Lekki,3 Bedrooms 3 Bathrooms 4 Toilets,3000000.00
Ikoyi,3 Bedrooms 3 Bathrooms 4 Toilets 2 Parking Spaces,10000000.00
Ikoyi,3 Bedrooms 3 Bathrooms 4 Toilets 2 Parking Spaces,10000000.00
Ikoyi,3 Bedrooms 3 Bathrooms 4 Toilets 3 Parking Spaces,15000000.00
VI,3 Bedrooms 3 Bathrooms 4 Toilets,3000000.00
Lekki,3 Bedrooms 3 Bathrooms 4 Toilets 1 Parking Space,2000000.00
VI,3 Bedrooms 2 Bathrooms 2 Toilets,3500000.00
North,3 Bedrooms 3 Bathrooms 4 Toilets 2 Parking Spaces,800000.00
Lekki,3 Bedrooms 3 Bathrooms 4 Toilets,3500000.00
Lekki,3 Bedrooms 3 Bathrooms 4 Toilets,2300000.00
Surulere,3 Bedrooms 4 Bathrooms 4 Toilets 2 Parking Spaces,2500000.00
VI,3 Bedrooms 3 Toilets,20000000.00
Ajah,3 Bedrooms 3 Bathrooms 4 Toilets 8 Parking Spaces,800000.00
Lekki,3 Bedrooms 3 Bathrooms 4 Toilets 2 Parking Spaces,2800000.00
Ikorodu,3 Bedrooms 2 Bathrooms 3 Toilets,330000.00
Gbagada,3 Bedrooms 4 Bathrooms 4 Toilets 2 Parking Spaces,800000.00
Lekki,3 Bedrooms 4 Bathrooms 4 Toilets 4 Parking Spaces,700000.00
Ikoyi,3 Bedrooms 3 Bathrooms 4 Toilets,8500000.00
Ikoyi,3 Bedrooms 3 Bathrooms 4 Toilets,6000000.00
Ikoyi,3 Bedrooms 3 Bathrooms 4 Toilets,6000000.00
Lekki,3 Bedrooms 3 Bathrooms 4 Toilets,1500000.00
Lekki,3 Bedrooms 3 Bathrooms 4 Toilets,4500000.00
Ogudu,3 Bedrooms 5 Bathrooms 3 Toilets 2 Parking Spaces,1200000.00
Ikoyi,3 Bedrooms 4 Bathrooms 4 Toilets 2 Parking Spaces,5000000.00
Ikoyi,3 Bedrooms 3 Bathrooms 4 Toilets,15000000.00
Ikoyi,3 Bedrooms 3 Bathrooms 4 Toilets 2 Parking Spaces,5000000.00
Lekki,3 Bedrooms 3 Bathrooms 4 Toilets 2 Parking Spaces,2800000.00
VI,3 Bedrooms 3 Bathrooms 4 Toilets 3 Parking Spaces,3000000.00
Lekki,3 Bedrooms 3 Bathrooms 4 Toilets 3 Parking Spaces,2400000.00
Lekki,3 Bedrooms 3 Bathrooms 3 Toilets,1600000.00
VI,3 Bedrooms 3 Bathrooms 4 Toilets,3500000.00
Ikoyi,3 Bedrooms 4 Bathrooms 4 Toilets 3 Parking Spaces,16000000.00
Lekki,3 Bedrooms 3 Bathrooms 3 Toilets,2300000.00
Lekki,3 Bedrooms 3 Bathrooms 4 Toilets 2 Parking Spaces,4000000.00
Lekki,3 Bedrooms 3 Bathrooms 4 Toilets 2 Parking Spaces,2800000.00
Lekki,3 Bedrooms 3 Bathrooms 3 Toilets 2 Parking Spaces,1800000.00
Ikoyi,3 Bedrooms 3 Bathrooms 4 Toilets 2 Parking Spaces,15000000.00
Ikoyi,3 Bedrooms 3 Bathrooms 4 Toilets 2 Parking Spaces,9500000.00
Lekki,3 Bedrooms 3 Bathrooms 4 Toilets,2500000.00
Ikeja,3 Bedrooms 3 Bathrooms 4 Toilets,6000000.00
Agege,3 Bedrooms 3 Bathrooms 3 Toilets 3 Parking Spaces,600000.00
Lekki,3 Bedrooms 3 Bathrooms 4 Toilets 2 Parking Spaces,3000000.00
Ikeja,3 Bedrooms 2 Bathrooms 2 Toilets 6 Parking Spaces,700000.00
Ikoyi,3 Bedrooms 3 Bathrooms 4 Toilets 2 Parking Spaces,6500000.00
Ajah,3 Bedrooms,750000.00
Ikeja,3 Bedrooms 2 Bathrooms 3 Toilets 5 Parking Spaces,550000.00
Lekki,3 Bedrooms 4 Toilets,2500000.00
Lekki,3 Bedrooms,3500000.00
Ikoyi,3 Bedrooms 3 Bathrooms 4 Toilets,7000000.00
VI,3 Bedrooms 3 Bathrooms 4 Toilets 2 Parking Spaces,
Ikoyi,3 Bedrooms 3 Bathrooms 4 Toilets 2 Parking Spaces,9000000.00
Ikoyi,3 Bedrooms 3 Bathrooms 4 Toilets 2 Parking Spaces,10000000.00
Lekki,3 Bedrooms 3 Bathrooms 4 Toilets 2 Parking Spaces,5500000.00
VI,3 Bedrooms 3 Bathrooms 4 Toilets 3 Parking Spaces,8000000.00
Ajah,3 Bedrooms 4 Bathrooms 4 Toilets 4 Parking Spaces,1300000.00
Lekki,3 Bedrooms 3 Bathrooms 4 Toilets 2 Parking Spaces,2800000.00
Lekki,3 Bedrooms 3 Bathrooms 4 Toilets 2 Parking Spaces,2200000.00
Maryland,3 Bedrooms 3 Bathrooms 4 Toilets 3 Parking Spaces,1800000.00
Gbagada,3 Bedrooms 3 Bathrooms 4 Toilets 4 Parking Spaces,2500000.00
Lekki,3 Bedrooms 3 Bathrooms 4 Toilets,3000000.00
Ikoyi,3 Bedrooms 2 Bathrooms 3 Toilets,9000000.00
Maryland,3 Bedrooms 3 Bathrooms 3 Toilets,2000000.00
Ajah,3 Bedrooms 2 Bathrooms 3 Toilets,1500000.00
Lekki,3 Bedrooms 3 Bathrooms 4 Toilets 2 Parking Spaces,2000000.00
Ikoyi,3 Bedrooms 3 Bathrooms 4 Toilets 2 Parking Spaces,6500000.00
Magodo,3 Bedrooms 3 Bathrooms 4 Toilets 8 Parking Spaces,1500000.00
Lekki,3 Bedrooms 4 Bathrooms 4 Toilets 25 Parking Spaces,1200000.00
Lekki,3 Bedrooms 4 Bathrooms 4 Toilets 25 Parking Spaces,900000.00
Lekki,3 Bedrooms 4 Bathrooms 4 Toilets 15 Parking Spaces,1400000.00
Ikoyi,3 Bedrooms 4 Bathrooms 4 Toilets 2 Parking Spaces,12500000.00
Ikoyi,3 Bedrooms 3 Bathrooms 3 Toilets 3 Parking Spaces,8000000.00
VI,3 Bedrooms 3 Bathrooms 4 Toilets 2 Parking Spaces,4500000.00
Ikoyi,3 Bedrooms 4 Bathrooms 4 Toilets 3 Parking Spaces,15000000.00
Yaba,3 Bedrooms 3 Bathrooms 4 Toilets,1200000.00
VI,3 Bedrooms 3 Bathrooms 4 Toilets 2 Parking Spaces,4000000.00
Ikoyi,3 Bedrooms 3 Bathrooms 4 Toilets 10 Parking Spaces,14000000.00
Lekki,3 Bedrooms 3 Bathrooms 4 Toilets 2 Parking Spaces,2800000.00
Lekki,3 Bedrooms 3 Bathrooms 4 Toilets 6 Parking Spaces,800000.00
Lekki,3 Bedrooms 3 Bathrooms 4 Toilets,2000000.00
Lekki,3 Bedrooms 3 Bathrooms 4 Toilets,2000000.00
Ajah,3 Bedrooms 4 Toilets,1500000.00
Ikeja,3 Bedrooms 3 Bathrooms 4 Toilets 2 Parking Spaces,3000000.00
Lekki,3 Bedrooms 3 Bathrooms 4 Toilets,1800000.00
Ikoyi,3 Bedrooms 3 Bathrooms 4 Toilets 2 Parking Spaces,14000000.00
Ikoyi,3 Bedrooms 3 Bathrooms 4 Toilets 2 Parking Spaces,15000000.00
Ikoyi,3 Bedrooms 3 Bathrooms 4 Toilets 3 Parking Spaces,10000000.00
Oshodi,3 Bedrooms,2000000.00
VI,3 Bedrooms 3 Bathrooms 4 Toilets,4000000.00
Lekki,3 Bedrooms 3 Bathrooms 4 Toilets,3500000.00
Lekki,3 Bedrooms 3 Bathrooms 4 Toilets,1600000.00
Lekki,3 Bedrooms 3 Bathrooms 4 Toilets 3 Parking Spaces,3000000.00
Ajah,3 Bedrooms 3 Bathrooms 4 Toilets 2 Parking Spaces,1000000.00
Lekki,3 Bedrooms 3 Bathrooms 4 Toilets 3 Parking Spaces,3000000.00
Ilupeju,3 Bedrooms 3 Bathrooms 4 Toilets 2 Parking Spaces,2700000.00
Ikeja,3 Bedrooms 3 Bathrooms 4 Toilets 3 Parking Spaces,6000000.00
VI,3 Bedrooms 3 Bathrooms 4 Toilets,3000000.00
Lekki,3 Bedrooms 3 Bathrooms 4 Toilets 3 Parking Spaces,5000000.00
Lekki,3 Bedrooms 3 Bathrooms 4 Toilets 2 Parking Spaces,2800000.00
VI,3 Bedrooms 3 Bathrooms 4 Toilets 2 Parking Spaces,3000000.00
Ajah,3 Bedrooms 3 Bathrooms 4 Toilets 2 Parking Spaces,900000.00
Ajah,3 Bedrooms 3 Bathrooms 4 Toilets 2 Parking Spaces,900000.00
Lekki,3 Bedrooms 3 Bathrooms 3 Toilets 3 Parking Spaces,3000000.00
Lekki,3 Bedrooms 3 Bathrooms 4 Toilets,1500000.00
Ikoyi,3 Bedrooms 4 Bathrooms 4 Toilets 3 Parking Spaces,8000000.00
VI,3 Bedrooms 3 Bathrooms 3 Toilets 3 Parking Spaces,5000000.00
Lekki,3 Bedrooms 3 Bathrooms 4 Toilets,3000000.00
Ikoyi,3 Bedrooms 4 Bathrooms 4 Toilets 3 Parking Spaces,16000000.00
Ikoyi,3 Bedrooms 4 Bathrooms 4 Toilets 2 Parking Spaces,9000000.00
Ajah,3 Bedrooms 3 Bathrooms 4 Toilets 3 Parking Spaces,700000.00
Lekki,3 Bedrooms 3 Bathrooms 4 Toilets 3 Parking Spaces,2000000.00
Ikoyi,3 Bedrooms 3 Bathrooms 4 Toilets 20 Parking Spaces,15000000.00
Lekki,3 Bedrooms 3 Bathrooms 4 Toilets,1800000.00
Ikoyi,3 Bedrooms 3 Bathrooms 3 Toilets 2 Parking Spaces,7500000.00
Lekki,3 Bedrooms 3 Bathrooms 3 Toilets,4000000.00
Yaba,3 Bedrooms 3 Bathrooms 4 Toilets,2200000.00
Ikoyi,3 Bedrooms 3 Bathrooms 4 Toilets,5000000.00
Lekki,3 Bedrooms 3 Bathrooms 3 Toilets 5 Parking Spaces,2200000.00
Ikeja,3 Bedrooms 3 Bathrooms 4 Toilets,1400000.00
Lekki,3 Bedrooms 3 Bathrooms 4 Toilets 2 Parking Spaces,2800000.00
Ajah,3 Bedrooms 3 Bathrooms 4 Toilets,1100000.00
Ajah,3 Bedrooms 3 Bathrooms 4 Toilets 2 Parking Spaces,1400000.00
Lekki,3 Bedrooms 2 Toilets,2500000.00
Ikoyi,3 Bedrooms 3 Bathrooms 4 Toilets 2 Parking Spaces,9000000.00
Ikoyi,3 Bedrooms 3 Bathrooms 4 Toilets 2 Parking Spaces,6000000.00
Ikoyi,3 Bedrooms 3 Bathrooms 4 Toilets 2 Parking Spaces,10000000.00
Ikoyi,3 Bedrooms 3 Bathrooms 4 Toilets 2 Parking Spaces,15000000.00
Lekki,3 Bedrooms 3 Bathrooms 4 Toilets 2 Parking Spaces,2500000.00
Lekki,3 Bedrooms 4 Bathrooms 4 Toilets 1 Parking Space,500000.00
VI,3 Bedrooms 3 Bathrooms 4 Toilets,3500000.00
Lekki,3 Bedrooms 3 Bathrooms 4 Toilets,5000000.00
VI,3 Bedrooms 3 Bathrooms 4 Toilets 3 Parking Spaces,4500000.00
Ikoyi,3 Bedrooms 3 Bathrooms 4 Toilets 25 Parking Spaces,15000000.00
Magodo,3 Bedrooms 3 Bathrooms 4 Toilets 3 Parking Spaces,1500000.00
VI,3 Bedrooms 3 Bathrooms 4 Toilets,10000000.00
VI,3 Bedrooms 3 Bathrooms 4 Toilets 2 Parking Spaces,7000000.00
Lekki,3 Bedrooms 3 Bathrooms 4 Toilets 2 Parking Spaces,6500000.00
Ikorodu,3 Bedrooms 3 Bathrooms 4 Toilets,350000.00
Ikoyi,3 Bedrooms 4 Bathrooms 4 Toilets 15 Parking Spaces,10000000.00
Lekki,3 Bedrooms,2900000.00
Lekki,3 Bedrooms 3 Bathrooms 4 Toilets 2 Parking Spaces,2800000.00
Ajah,3 Bedrooms 3 Bathrooms 4 Toilets 9 Parking Spaces,900000.00
Lekki,3 Bedrooms 3 Bathrooms 4 Toilets 2 Parking Spaces,3000000.00
Ajah,3 Bedrooms 3 Bathrooms 4 Toilets,1400000.00
Lekki,3 Bedrooms 3 Bathrooms 4 Toilets,2500000.00
Ikoyi,3 Bedrooms 3 Bathrooms 4 Toilets,14000000.00
VI,3 Bedrooms 3 Bathrooms 4 Toilets,12000000.00
Ikoyi,3 Bedrooms 3 Bathrooms 4 Toilets,4000000.00
Ikoyi,3 Bedrooms 3 Bathrooms 4 Toilets 3 Parking Spaces,6000000.00
Ikeja,3 Bedrooms,1400000.00
Ojodu,3 Bedrooms,1500000.00
City,3 Bedrooms 4 Bathrooms 4 Toilets 3 Parking Spaces,
Ikoyi,3 Bedrooms 3 Bathrooms 4 Toilets,4000000.00
Lekki,3 Bedrooms 4 Bathrooms 4 Toilets 15 Parking Spaces,1000000.00
Lekki,3 Bedrooms 3 Bathrooms 2 Parking Spaces,3500000.00
VI,3 Bedrooms 4 Bathrooms 4 Toilets 2 Parking Spaces,4500000.00
Ajah,3 Bedrooms 2 Bathrooms 3 Toilets 2 Parking Spaces,1300000.00
Ikoyi,3 Bedrooms 3 Bathrooms 4 Toilets 3 Parking Spaces,10000000.00
Lekki,3 Bedrooms 3 Bathrooms 4 Toilets,4000000.00
Ajah,3 Bedrooms 3 Bathrooms 4 Toilets,500000.00
Agege,3 Bedrooms 3 Bathrooms 4 Toilets 2 Parking Spaces,950000.00
Lekki,3 Bedrooms 3 Bathrooms 4 Toilets 2 Parking Spaces,2800000.00
VI,3 Bedrooms 3 Bathrooms 4 Toilets,3500000.00
Ikeja,3 Bedrooms 3 Bathrooms 4 Toilets,1000000.00
Ikeja,3 Bedrooms 4 Bathrooms 4 Toilets 10 Parking Spaces,800000.00
VI,3 Bedrooms 3 Bathrooms 4 Toilets,15000000.00
Ikoyi,3 Bedrooms 3 Bathrooms 4 Toilets,13500000.00
VI,3 Bedrooms 4 Bathrooms 3 Toilets,4000000.00
Ikoyi,3 Bedrooms 3 Bathrooms 4 Toilets,15000000.00
Ikoyi,3 Bedrooms 3 Bathrooms 4 Toilets,13000000.00
Oshodi,3 Bedrooms,700000.00
VI,3 Bedrooms 3 Bathrooms 4 Toilets,4000000.00
Lekki,3 Bedrooms 3 Bathrooms 4 Toilets,2500000.00
Lekki,3 Bedrooms 2 Bathrooms 3 Toilets 2 Parking Spaces,3000000.00
Ikoyi,3 Bedrooms 3 Bathrooms 4 Toilets 2 Parking Spaces,5000000.00
Ikoyi,3 Bedrooms 3 Bathrooms 4 Toilets 3 Parking Spaces,4000000.00
Ikoyi,3 Bedrooms 3 Bathrooms 4 Toilets 2 Parking Spaces,4000000.00
Lekki,3 Bedrooms 3 Bathrooms 4 Toilets 2 Parking Spaces,2000000.00
Ikoyi,3 Bedrooms 3 Bathrooms 4 Toilets 2 Parking Spaces,14000000.00
Lekki,3 Bedrooms 2 Bathrooms 3 Toilets,2500000.00
Ojodu,3 Bedrooms 3 Bathrooms 4 Toilets,700000.00
Ikoyi,3 Bedrooms 3 Bathrooms 4 Toilets,9000000.00
Lekki,3 Bedrooms 3 Bathrooms 4 Toilets 2 Parking Spaces,2800000.00
VI,3 Bedrooms 3 Bathrooms 4 Toilets,4000000.00
Lekki,3 Bedrooms 3 Bathrooms 4 Toilets 3 Parking Spaces,2200000.00
Ikeja,3 Bedrooms 3 Bathrooms 4 Toilets,800000.00
Yaba,3 Bedrooms 3 Bathrooms 4 Toilets,2000000.00
Ajah,3 Bedrooms 3 Bathrooms 4 Toilets 8 Parking Spaces,1500000.00
Lekki,3 Bedrooms 3 Bathrooms 4 Toilets 2 Parking Spaces,3000000.00
Surulere,3 Bedrooms,2000000.00
Ikoyi,3 Bedrooms 3 Bathrooms 4 Toilets,15000000.00
VI,3 Bedrooms 3 Bathrooms 4 Toilets,4000000.00
Ikoyi,3 Bedrooms 3 Bathrooms 4 Toilets 2 Parking Spaces,7000000.00
Ikoyi,3 Bedrooms 3 Bathrooms 4 Toilets,6000000.00
VI,3 Bedrooms 3 Bathrooms 4 Toilets 2 Parking Spaces,15000000.00
Ikoyi,3 Bedrooms 3 Bathrooms 4 Toilets 2 Parking Spaces,5500000.00
Ikoyi,3 Bedrooms 3 Bathrooms 4 Toilets 2 Parking Spaces,13000000.00
Ikoyi,3 Bedrooms 3 Bathrooms 4 Toilets,10000000.00
Ikoyi,3 Bedrooms 3 Bathrooms 4 Toilets,13000000.00
Ikoyi,3 Bedrooms 3 Bathrooms 4 Toilets,14500000.00
Maryland,3 Bedrooms 3 Bathrooms 4 Toilets 2 Parking Spaces,1600000.00
VI,3 Bedrooms 3 Bathrooms 3 Toilets 2 Parking Spaces,5000000.00
Ikoyi,3 Bedrooms 4 Bathrooms 3 Toilets 3 Parking Spaces,12000000.00
Lekki,3 Bedrooms 3 Bathrooms 4 Toilets 2 Parking Spaces,2800000.00
Gbagada,3 Bedrooms 4 Bathrooms 4 Toilets 2 Parking Spaces,2300000.00
Oshodi,3 Bedrooms,700000.00
Lekki,3 Bedrooms 3 Bathrooms 3 Toilets 3 Parking Spaces,1600000.00
Lekki,3 Bedrooms 3 Bathrooms 3 Toilets 3 Parking Spaces,2200000.00
Lekki,3 Bedrooms 3 Bathrooms 4 Toilets 2 Parking Spaces,7000000.00
VI,3 Bedrooms 3 Bathrooms 4 Toilets 2 Parking Spaces,2700000.00
Ajah,3 Bedrooms 3 Bathrooms 3 Toilets 9 Parking Spaces,900000.00
VI,3 Bedrooms 4 Bathrooms 4 Toilets,5000000.00
VI,3 Bedrooms 3 Bathrooms 4 Toilets,6500000.00
Ikoyi,3 Bedrooms 3 Bathrooms 4 Toilets 2 Parking Spaces,10000000.00
Ikoyi,3 Bedrooms 3 Bathrooms 4 Toilets 2 Parking Spaces,13000000.00
Ikoyi,3 Bedrooms 3 Bathrooms 4 Toilets,13000000.00
Ikoyi,3 Bedrooms 4 Bathrooms 4 Toilets 6 Parking Spaces,5500000.00
Ojodu,3 Bedrooms 2 Bathrooms 2 Toilets,350000.00
Ajah,3 Bedrooms 3 Bathrooms 4 Toilets,1100000.00
Ajah,3 Bedrooms 3 Bathrooms 4 Toilets,800000.00
Ajah,3 Bedrooms 3 Bathrooms 4 Toilets,850000.00
Ajah,3 Bedrooms 3 Bathrooms 4 Toilets 5 Parking Spaces,900000.00
Ojodu,3 Bedrooms 3 Bathrooms 4 Toilets,1500000.00
Lekki,3 Bedrooms 3 Bathrooms 4 Toilets 3 Parking Spaces,3500000.00
Lekki,3 Bedrooms 3 Bathrooms 4 Toilets 2 Parking Spaces,2800000.00
Lekki,3 Bedrooms 3 Bathrooms 4 Toilets 6 Parking Spaces,800000.00
Lekki,3 Bedrooms 3 Bathrooms 4 Toilets,2000000.00
Ikoyi,3 Bedrooms 4 Bathrooms 4 Toilets,10000000.00
Lekki,3 Bedrooms 3 Bathrooms 4 Toilets,1800000.00
Lekki,3 Bedrooms 3 Bathrooms 4 Toilets 2 Parking Spaces,700000.00
Ikoyi,3 Bedrooms 4 Bathrooms 4 Toilets 2 Parking Spaces,11000000.00
VI,3 Bedrooms 3 Bathrooms 4 Toilets 2 Parking Spaces,6000000.00
VI,3 Bedrooms 3 Bathrooms 4 Toilets 2 Parking Spaces,5000000.00
Ikeja,3 Bedrooms 3 Bathrooms 4 Toilets,5000000.00
Ikoyi,3 Bedrooms 3 Bathrooms 4 Toilets,10000000.00
Ajah,3 Bedrooms 2 Bathrooms 3 Toilets 2 Parking Spaces,1200000.00
Ikoyi,3 Bedrooms 3 Bathrooms 4 Toilets,4000000.00
Ajah,3 Bedrooms 3 Bathrooms 4 Toilets 2 Parking Spaces,900000.00
Ikeja,3 Bedrooms 3 Bathrooms 4 Toilets 2 Parking Spaces,2000000.00
Gbagada,3 Bedrooms 3 Bathrooms 4 Toilets 2 Parking Spaces,2200000.00
Surulere,3 Bedrooms 3 Bathrooms 4 Toilets 2 Parking Spaces,1300000.00
Lekki,3 Bedrooms 3 Bathrooms 4 Toilets 3 Parking Spaces,2000000.00
Lekki,3 Bedrooms 3 Bathrooms 3 Toilets 6 Parking Spaces,2000000.00
Lekki,3 Bedrooms 3 Bathrooms 4 Toilets 2 Parking Spaces,4500000.00
Ikoyi,3 Bedrooms 3 Bathrooms 4 Toilets 2 Parking Spaces,12000000.00
Lekki,3 Bedrooms 3 Bathrooms 4 Toilets 2 Parking Spaces,2800000.00
Ikoyi,3 Bedrooms 3 Bathrooms 4 Toilets 2 Parking Spaces,10000000.00
Lekki,3 Bedrooms 3 Bathrooms 4 Toilets 2 Parking Spaces,2000000.00
Lekki,3 Bedrooms 3 Bathrooms 4 Toilets,3000000.00
Ajah,3 Bedrooms 3 Bathrooms 4 Toilets 3 Parking Spaces,1000000.00
Gbagada,3 Bedrooms 6 Bathrooms 4 Toilets 2 Parking Spaces,2200000.00
Ikoyi,3 Bedrooms 3 Bathrooms 4 Toilets 4 Parking Spaces,6000000.00
VI,3 Bedrooms 3 Bathrooms 4 Toilets 4 Parking Spaces,3000000.00
Lekki,3 Bedrooms 3 Bathrooms 4 Toilets 1 Parking Space,1800000.00
Lekki,3 Bedrooms 3 Bathrooms 4 Toilets 2 Parking Spaces,2200000.00
Ikoyi,3 Bedrooms 3 Bathrooms 4 Toilets 3 Parking Spaces,5500000.00
Ikoyi,3 Bedrooms 3 Bathrooms 4 Toilets,15000000.00
Surulere,3 Bedrooms 3 Bathrooms 3 Toilets 3 Parking Spaces,1200000.00
Ikoyi,3 Bedrooms 3 Bathrooms 4 Toilets 2 Parking Spaces,9000000.00
Ikoyi,3 Bedrooms 3 Bathrooms 4 Toilets 2 Parking Spaces,9000000.00
Ikoyi,3 Bedrooms 3 Bathrooms 4 Toilets 2 Parking Spaces,18000000.00
Lekki,3 Bedrooms 3 Bathrooms 4 Toilets 2 Parking Spaces,2500000.00
Lekki,3 Bedrooms 3 Bathrooms 4 Toilets 3 Parking Spaces,3000000.00
Lekki,3 Bedrooms 3 Bathrooms 4 Toilets 2 Parking Spaces,3500000.00
VI,3 Bedrooms 3 Bathrooms 4 Toilets 2 Parking Spaces,5000000.00
Lekki,3 Bedrooms 3 Bathrooms 4 Toilets 2 Parking Spaces,2800000.00
Lekki,3 Bedrooms 3 Bathrooms 4 Toilets 2 Parking Spaces,2800000.00
Lekki,3 Bedrooms 3 Bathrooms 4 Toilets 2 Parking Spaces,2500000.00
VI,3 Bedrooms 3 Bathrooms 4 Toilets 2 Parking Spaces,8000000.00
Lekki,3 Bedrooms 3 Bathrooms 4 Toilets 2 Parking Spaces,4500000.00
Ikoyi,3 Bedrooms 3 Bathrooms 4 Toilets 2 Parking Spaces,13500000.00
Ikoyi,3 Bedrooms,12000000.00
Ikoyi,3 Bedrooms 3 Bathrooms 4 Toilets 2 Parking Spaces,8000000.00
Lekki,3 Bedrooms 3 Bathrooms 4 Toilets 2 Parking Spaces,5000000.00
Lekki,3 Bedrooms 3 Bathrooms 4 Toilets 2 Parking Spaces,2900000.00
VI,3 Bedrooms 3 Bathrooms 4 Toilets 2 Parking Spaces,4000000.00
Lekki,3 Bedrooms 3 Bathrooms 4 Toilets 2 Parking Spaces,3000000.00
Ikoyi,3 Bedrooms 3 Bathrooms 4 Toilets 2 Parking Spaces,5000000.00
VI,3 Bedrooms,12000000.00
VI,3 Bedrooms 3 Bathrooms 4 Toilets 2 Parking Spaces,6000000.00
Ikeja,3 Bedrooms,1300000.00
VI,3 Bedrooms,4000000.00
VI,3 Bedrooms 3 Bathrooms 4 Toilets 2 Parking Spaces,3000000.00
Ikoyi,3 Bedrooms 3 Bathrooms 4 Toilets 2 Parking Spaces,12000000.00
Ikoyi,3 Bedrooms 3 Bathrooms 4 Toilets,10000000.00
Ikoyi,3 Bedrooms 3 Bathrooms 4 Toilets 3 Parking Spaces,18000000.00
VI,3 Bedrooms 3 Bathrooms 4 Toilets 2 Parking Spaces,15000000.00
Lekki,3 Bedrooms 3 Bathrooms 4 Toilets 2 Parking Spaces,2800000.00
Ikoyi,3 Bedrooms 3 Bathrooms 4 Toilets 2 Parking Spaces,
Ikoyi,3 Bedrooms 3 Bathrooms 4 Toilets 2 Parking Spaces,8000000.00
Ikoyi,3 Bedrooms 3 Bathrooms 4 Toilets 2 Parking Spaces,13000000.00
Ikoyi,3 Bedrooms 3 Bathrooms 4 Toilets 2 Parking Spaces,
Lekki,3 Bedrooms 3 Bathrooms 4 Toilets,750000.00
Lekki,3 Bedrooms 4 Bathrooms 4 Toilets,7000000.00
Lekki,3 Bedrooms 3 Bathrooms 4 Toilets,3000000.00
Lekki,3 Bedrooms 3 Bathrooms 4 Toilets 2 Parking Spaces,700000.00
Lekki,3 Bedrooms 4 Bathrooms 4 Toilets 2 Parking Spaces,3000000.00
Lekki,3 Bedrooms 3 Bathrooms 4 Toilets 7 Parking Spaces,2300000.00
VI,3 Bedrooms 4 Bathrooms 3 Toilets 2 Parking Spaces,10000000.00
Ikoyi,3 Bedrooms 4 Bathrooms 3 Toilets 3 Parking Spaces,8000000.00
Ikoyi,3 Bedrooms 3 Bathrooms 4 Toilets,15000000.00
Ikoyi,3 Bedrooms 3 Bathrooms 4 Toilets,9000000.00
Ikoyi,3 Bedrooms 3 Bathrooms 4 Toilets,14000000.00
Ikoyi,3 Bedrooms 3 Bathrooms 4 Toilets,6500000.00
Ikoyi,3 Bedrooms 3 Bathrooms 4 Toilets,15000000.00
Ikoyi,3 Bedrooms 3 Bathrooms 4 Toilets 3 Parking Spaces,15000000.00
Ikoyi,3 Bedrooms,10000000.00
Ikoyi,3 Bedrooms 3 Bathrooms 4 Toilets,7500000.00
Lekki,3 Bedrooms 3 Bathrooms 4 Toilets 2 Parking Spaces,2800000.00
Lekki,3 Bedrooms 3 Bathrooms 4 Toilets,3000000.00
Lekki,3 Bedrooms 3 Bathrooms 4 Toilets,2500000.00
Lekki,3 Bedrooms 3 Bathrooms 4 Toilets,3000000.00
Lekki,3 Bedrooms 3 Bathrooms 4 Toilets,3000000.00
Ikoyi,3 Bedrooms 3 Bathrooms 3 Toilets,7000000.00
Lekki,3 Bedrooms 3 Bathrooms 4 Toilets 2 Parking Spaces,3000000.00
Ajah,3 Bedrooms 4 Bathrooms 4 Toilets,1300000.00
Lekki,3 Bedrooms 3 Bathrooms 4 Toilets 5 Parking Spaces,2200000.00
Lekki,3 Bedrooms 3 Bathrooms 4 Toilets 2 Parking Spaces,1800000.00
Ikoyi,3 Bedrooms 3 Bathrooms 4 Toilets 2 Parking Spaces,6000000.00
Ikoyi,3 Bedrooms 3 Bathrooms 4 Toilets 2 Parking Spaces,12000000.00
Gbagada,3 Bedrooms 3 Bathrooms 4 Toilets 2 Parking Spaces,2200000.00
Ajah,3 Bedrooms 3 Bathrooms 4 Toilets,1200000.00
Ikoyi,3 Bedrooms 3 Bathrooms 4 Toilets,7000000.00
VI,3 Bedrooms 3 Bathrooms 4 Toilets,7000000.00
VI,3 Bedrooms 3 Bathrooms 4 Toilets 2 Parking Spaces,2500000.00
Ikoyi,3 Bedrooms 3 Bathrooms 4 Toilets,13000000.00
Lekki,3 Bedrooms 3 Bathrooms 4 Toilets 2 Parking Spaces,1800000.00
Ikeja,3 Bedrooms 3 Bathrooms 4 Toilets,3200000.00
Ikoyi,3 Bedrooms 4 Bathrooms 4 Toilets,6000000.00
Lekki,3 Bedrooms 3 Bathrooms 4 Toilets 2 Parking Spaces,2800000.00
Lekki,3 Bedrooms 4 Bathrooms 4 Toilets 2 Parking Spaces,3000000.00
Ikeja,3 Bedrooms 3 Bathrooms 4 Toilets,3000000.00
Ikoyi,3 Bedrooms 3 Bathrooms 4 Toilets,13000000.00
Ikoyi,3 Bedrooms 3 Bathrooms 4 Toilets,7000000.00
Lekki,3 Bedrooms 3 Bathrooms 4 Toilets 2 Parking Spaces,2800000.00
Ajah,3 Bedrooms 3 Bathrooms 4 Toilets 6 Parking Spaces,1400000.00
Lekki,3 Bedrooms 3 Bathrooms 4 Toilets 200 Parking Spaces,2500000.00
VI,3 Bedrooms,17000000.00
Ajah,3 Bedrooms 3 Bathrooms 4 Toilets,1400000.00
Ikoyi,3 Bedrooms 3 Bathrooms 4 Toilets 2 Parking Spaces,10000000.00
Ikoyi,3 Bedrooms 3 Bathrooms 4 Toilets 2 Parking Spaces,11000000.00
Ikoyi,3 Bedrooms 3 Bathrooms 4 Toilets 2 Parking Spaces,16000000.00
Ikoyi,3 Bedrooms 4 Bathrooms 5 Toilets 4 Parking Spaces,10000000.00
VI,3 Bedrooms 2 Bathrooms 2 Toilets 2 Parking Spaces,3500000.00
Ikoyi,3 Bedrooms 3 Bathrooms 4 Toilets 4 Parking Spaces,15000000.00
Ajah,3 Bedrooms 3 Bathrooms 2 Toilets 3 Parking Spaces,700000.00
Gbagada,3 Bedrooms 3 Bathrooms 4 Toilets 5 Parking Spaces,1100000.00
Lekki,3 Bedrooms 3 Bathrooms 4 Toilets 950 sqm Total Area,16000000.00
Lekki,3 Bedrooms 2 Bathrooms 2 Toilets 2 Parking Spaces,3000000.00
Ajah,3 Bedrooms,1100000.00
Lekki,3 Bedrooms 3 Bathrooms 4 Toilets 2 Parking Spaces,2800000.00
VI,3 Bedrooms 4 Bathrooms 5 Toilets 7 Parking Spaces,8000000.00
Lekki,3 Bedrooms 3 Bathrooms 4 Toilets,7500000.00
Lekki,3 Bedrooms 3 Bathrooms 4 Toilets,6500000.00
Gbagada,3 Bedrooms 3 Bathrooms 4 Toilets 3 Parking Spaces,2500000.00
Lekki,3 Bedrooms 3 Bathrooms 4 Toilets 2 Parking Spaces,2000000.00
Ajah,3 Bedrooms 3 Bathrooms 4 Toilets,1000000.00
Gbagada,3 Bedrooms 3 Bathrooms 4 Toilets 4 Parking Spaces,2200000.00
Ajah,3 Bedrooms 3 Bathrooms 4 Toilets 2 Parking Spaces,1000000.00
Ikoyi,3 Bedrooms 2 Bathrooms 2 Toilets 3 Parking Spaces,2500000.00
Lekki,3 Bedrooms 3 Bathrooms 4 Toilets 2 Parking Spaces,2500000.00
Lekki,3 Bedrooms 3 Bathrooms 4 Toilets,2500000.00
Lekki,3 Bedrooms 3 Bathrooms 4 Toilets,750000.00
Lekki,3 Bedrooms 3 Bathrooms 4 Toilets 2 Parking Spaces,3000000.00
Lekki,3 Bedrooms 3 Bathrooms 4 Toilets,3000000.00
Lekki,3 Bedrooms 3 Bathrooms 4 Toilets 3 Parking Spaces,2500000.00
Lekki,3 Bedrooms 3 Bathrooms 4 Toilets 2 Parking Spaces,3000000.00
VI,3 Bedrooms 3 Bathrooms 4 Toilets,2700000.00
VI,3 Bedrooms 3 Bathrooms 4 Toilets,3500000.00
Ajah,3 Bedrooms 4 Bathrooms 4 Toilets 15 Parking Spaces,15000000.00
Ajah,3 Bedrooms 4 Bathrooms 4 Toilets 23 Parking Spaces,1200000.00
Lekki,3 Bedrooms 3 Bathrooms 4 Toilets 2 Parking Spaces,2800000.00
North,3 Bedrooms 3 Bathrooms 4 Toilets 6 Parking Spaces,800000.00
Lekki,3 Bedrooms 3 Bathrooms 4 Toilets 2 Parking Spaces,1800000.00
Ikoyi,3 Bedrooms 3 Bathrooms 4 Toilets 4 Parking Spaces,15000000.00
Ikoyi,3 Bedrooms 3 Bathrooms 3 Toilets,4000000.00
Ajah,3 Bedrooms 3 Bathrooms 4 Toilets 1 Parking Space,1400000.00
Ikoyi,3 Bedrooms 3 Bathrooms 4 Toilets 2 Parking Spaces,5500000.00
Ikoyi,3 Bedrooms 3 Bathrooms 4 Toilets,8000000.00
Lekki,3 Bedrooms 2 Bathrooms 4 Toilets 2 Parking Spaces,1500000.00
Ikoyi,3 Bedrooms 3 Bathrooms 4 Toilets,8000000.00
Lekki,3 Bedrooms 3 Bathrooms 4 Toilets,3500000.00
Ikoyi,3 Bedrooms 3 Bathrooms 4 Toilets 2 Parking Spaces,13000000.00
Ikoyi,3 Bedrooms 3 Bathrooms 4 Toilets 2 Parking Spaces,12500000.00
VI,3 Bedrooms 3 Bathrooms 4 Toilets 2 Parking Spaces,3500000.00
City,3 Bedrooms 3 Bathrooms 4 Toilets 3 Parking Spaces,
Ikoyi,3 Bedrooms 3 Bathrooms 4 Toilets,8000000.00
Ikoyi,3 Bedrooms 3 Bathrooms 4 Toilets,10000000.00
Lekki,3 Bedrooms 3 Bathrooms 4 Toilets 2 Parking Spaces,2500000.00
Ajah,3 Bedrooms 3 Bathrooms 3 Toilets,2000000.00
Lekki,3 Bedrooms 3 Bathrooms 4 Toilets 2 Parking Spaces,3000000.00
Lekki,3 Bedrooms 3 Bathrooms 4 Toilets 3 Parking Spaces,3000000.00
Lekki,3 Bedrooms 3 Bathrooms 4 Toilets 2 Parking Spaces,2800000.00
Lekki,3 Bedrooms 3 Bathrooms 4 Toilets 2 Parking Spaces,3500000.00
Lekki,3 Bedrooms 3 Bathrooms 4 Toilets,3000000.00
Lekki,3 Bedrooms 3 Bathrooms 4 Toilets,2500000.00
Lekki,3 Bedrooms 3 Bathrooms 4 Toilets 2 Parking Spaces,1900000.00
Lekki,3 Bedrooms 3 Bathrooms 4 Toilets 2 Parking Spaces,2500000.00
Lekki,3 Bedrooms 3 Bathrooms 4 Toilets 2 Parking Spaces,2300000.00
Lekki,3 Bedrooms 3 Bathrooms 4 Toilets 2 Parking Spaces,2500000.00
Ajah,3 Bedrooms 3 Bathrooms 4 Toilets 2 Parking Spaces,1400000.00
Lekki,3 Bedrooms,6000000.00
Ajah,3 Bedrooms 4 Bathrooms 4 Toilets 23 Parking Spaces,1500000.00
Ajah,3 Bedrooms 4 Bathrooms 4 Toilets 13 Parking Spaces,1200000.00
VI,3 Bedrooms 4 Bathrooms 5 Toilets 2 Parking Spaces,4000000.00
Lekki,3 Bedrooms 3 Bathrooms 4 Toilets,2700000.00
Lekki,3 Bedrooms 3 Bathrooms 4 Toilets 2 Parking Spaces,4000000.00
Ikoyi,3 Bedrooms 3 Bathrooms 4 Toilets 5 Parking Spaces,8000000.00
Lekki,3 Bedrooms 3 Bathrooms 4 Toilets,6000000.00
VI,3 Bedrooms 3 Bathrooms 4 Toilets 2 Parking Spaces,5000000.00
Lekki,3 Bedrooms 3 Bathrooms 4 Toilets 2 Parking Spaces,1500000.00
VI,3 Bedrooms 3 Bathrooms 4 Toilets 2 Parking Spaces,4000000.00
Lekki,3 Bedrooms 3 Bathrooms 4 Toilets 2 Parking Spaces,3500000.00
Lekki,3 Bedrooms 3 Bathrooms 4 Toilets 2 Parking Spaces,2800000.00
Lekki,3 Bedrooms 3 Bathrooms 4 Toilets 3 Parking Spaces,5500000.00
Lekki,3 Bedrooms 3 Bathrooms 4 Toilets 8 Parking Spaces,3500000.00
Yaba,3 Bedrooms 3 Bathrooms 4 Toilets,1500000.00
Agege,3 Bedrooms 3 Bathrooms 4 Toilets 2 Parking Spaces,1000000.00
Ikoyi,3 Bedrooms 1 Toilet,1500000.00
Lekki,3 Bedrooms 3 Bathrooms 4 Toilets 3 Parking Spaces,3000000.00
Lekki,3 Bedrooms 3 Bathrooms 4 Toilets 2 Parking Spaces,2300000.00
Ajah,3 Bedrooms 3 Bathrooms 4 Toilets,850000.00
Lekki,3 Bedrooms 3 Bathrooms 4 Toilets 2 Parking Spaces,2000000.00
Ikoyi,3 Bedrooms 3 Bathrooms 4 Toilets 2 Parking Spaces,7000000.00
Ikoyi,3 Bedrooms 3 Bathrooms 4 Toilets,20000000.00
VI,3 Bedrooms 3 Bathrooms 4 Toilets 1 Parking Space,3000000.00
VI,3 Bedrooms 4 Bathrooms 4 Toilets 2 Parking Spaces,4000000.00
Ikoyi,3 Bedrooms 3 Bathrooms 4 Toilets,10000000.00
Lekki,3 Bedrooms 3 Bathrooms 4 Toilets 2 Parking Spaces,6000000.00
VI,3 Bedrooms 3 Bathrooms 4 Toilets 2 Parking Spaces,5000000.00
VI,3 Bedrooms 3 Bathrooms 4 Toilets 2 Parking Spaces,6500000.00
VI,3 Bedrooms 3 Bathrooms 4 Toilets 2 Parking Spaces,3500000.00
Ikoyi,3 Bedrooms 3 Bathrooms 4 Toilets,7500000.00
Lekki,3 Bedrooms 3 Bathrooms 4 Toilets 2 Parking Spaces,2000000.00
Lekki,3 Bedrooms 3 Bathrooms 4 Toilets 2 Parking Spaces,2800000.00
Lekki,3 Bedrooms 3 Bathrooms 4 Toilets 2 Parking Spaces,1400000.00
Ikoyi,3 Bedrooms 3 Bathrooms 4 Toilets,6500000.00
Ikeja,3 Bedrooms 3 Bathrooms 3 Toilets,1600000.00
Ikoyi,3 Bedrooms 3 Bathrooms 4 Toilets 2 Parking Spaces,14000000.00
Lekki,3 Bedrooms 3 Bathrooms 4 Toilets 2 Parking Spaces,4500000.00
Ojo,3 Bedrooms 2 Bathrooms 3 Toilets 1 Parking Space,300000.00
Ikoyi,3 Bedrooms 3 Bathrooms 4 Toilets 2 Parking Spaces,
Ikoyi,3 Bedrooms 3 Bathrooms 4 Toilets 2 Parking Spaces,15000000.00
VI,3 Bedrooms 3 Bathrooms 4 Toilets 2 Parking Spaces,5000000.00
Ikoyi,3 Bedrooms 3 Bathrooms 4 Toilets 3 Parking Spaces,
Lekki,3 Bedrooms 3 Bathrooms 4 Toilets 6 Parking Spaces,700000.00
VI,3 Bedrooms 3 Bathrooms 4 Toilets,3500000.00
Lekki,3 Bedrooms 3 Bathrooms 3 Toilets 2 Parking Spaces,1800000.00
Lekki,3 Bedrooms 3 Bathrooms 4 Toilets 2 Parking Spaces,2800000.00
Lekki,3 Bedrooms 3 Bathrooms 4 Toilets,8000000.00
Ikoyi,3 Bedrooms 2 Bathrooms 3 Toilets,8000000.00
Lekki,3 Bedrooms 3 Bathrooms 4 Toilets 2 Parking Spaces,4000000.00
North,3 Bedrooms 3 Bathrooms 4 Toilets 10 Parking Spaces,800000.00
Magodo,3 Bedrooms 3 Bathrooms 4 Toilets 9 Parking Spaces,1800000.00
Ikoyi,3 Bedrooms 3 Bathrooms 4 Toilets 2 Parking Spaces,8000000.00
Lekki,3 Bedrooms 3 Bathrooms 4 Toilets 2 Parking Spaces,2800000.00
Maryland,3 Bedrooms 3 Bathrooms 4 Toilets 2 Parking Spaces,2000000.00
Lekki,3 Bedrooms 3 Bathrooms 4 Toilets 10 Parking Spaces,1000000.00
VI,3 Bedrooms 4 Bathrooms 4 Toilets 3 Parking Spaces,19965000.00
VI,3 Bedrooms 3 Bathrooms 4 Toilets,
Ikoyi,3 Bedrooms,15000000.00
Lekki,3 Bedrooms 3 Bathrooms 4 Toilets 2 Parking Spaces,3000000.00
Ikoyi,3 Bedrooms 3 Bathrooms 4 Toilets 3 Parking Spaces,14000000.00
Ikoyi,3 Bedrooms 3 Bathrooms 4 Toilets 4 Parking Spaces,15000000.00
Ikoyi,3 Bedrooms 3 Bathrooms 4 Toilets 2 Parking Spaces,6000000.00
Ikoyi,3 Bedrooms 3 Bathrooms 4 Toilets 2 Parking Spaces,14000000.00
Ikoyi,3 Bedrooms 3 Bathrooms 4 Toilets 3 Parking Spaces,9000000.00
VI,3 Bedrooms 3 Bathrooms 4 Toilets 2 Parking Spaces,12000000.00
Ikoyi,3 Bedrooms 3 Bathrooms 4 Toilets 2 Parking Spaces,11000000.00
VI,3 Bedrooms 3 Bathrooms 4 Toilets 2 Parking Spaces,3000000.00
Lekki,3 Bedrooms 3 Bathrooms 4 Toilets,4000000.00
Ikoyi,3 Bedrooms 3 Bathrooms 4 Toilets 2 Parking Spaces,14500000.00
VI,3 Bedrooms 3 Bathrooms 4 Toilets 2 Parking Spaces,4500000.00
VI,3 Bedrooms 3 Bathrooms 4 Toilets 2 Parking Spaces,4000000.00
Ikoyi,3 Bedrooms 2 Bathrooms 1 Toilet,7000000.00
Ikeja,3 Bedrooms 3 Bathrooms 4 Toilets 1 Parking Space,3000000.00
Lekki,3 Bedrooms 3 Bathrooms 4 Toilets 2 Parking Spaces,2800000.00
VI,3 Bedrooms 3 Bathrooms 4 Toilets 12 Parking Spaces,4500000.00
Surulere,3 Bedrooms 3 Bathrooms 4 Toilets 2 Parking Spaces,2500000.00
Lekki,3 Bedrooms 3 Bathrooms 4 Toilets 4 Parking Spaces,600000.00
Ikoyi,3 Bedrooms 3 Bathrooms 4 Toilets 2 Parking Spaces,13000000.00
Ikoyi,3 Bedrooms 3 Bathrooms 4 Toilets 40 Parking Spaces,8000000.00
Lekki,3 Bedrooms 4 Bathrooms 4 Toilets 7 Parking Spaces,1800000.00
Lekki,3 Bedrooms 3 Bathrooms 4 Toilets,3500000.00
Lekki,3 Bedrooms 3 Bathrooms 4 Toilets 2 Parking Spaces,3500000.00
Lekki,3 Bedrooms 3 Bathrooms 4 Toilets 2 Parking Spaces,3000000.00
Lekki,3 Bedrooms 3 Bathrooms 4 Toilets 2 Parking Spaces,3500000.00
Lekki,3 Bedrooms 3 Bathrooms 3 Toilets 1 Parking Space,3000000.00
Lekki,3 Bedrooms 3 Bathrooms 4 Toilets 2 Parking Spaces,3000000.00
Lekki,3 Bedrooms 3 Bathrooms 4 Toilets 2 Parking Spaces,3500000.00
Lekki,3 Bedrooms 3 Bathrooms 4 Toilets 2 Parking Spaces,3500000.00
City,3 Bedrooms 3 Bathrooms 4 Toilets 3 Parking Spaces,
Lekki,3 Bedrooms 3 Bathrooms 4 Toilets 2 Parking Spaces,2500000.00
Ikoyi,3 Bedrooms 4 Bathrooms 4 Toilets 2 Parking Spaces,6000000.00
Lekki,3 Bedrooms 3 Bathrooms 4 Toilets 30 Parking Spaces,900000.00
Lekki,3 Bedrooms 3 Bathrooms 4 Toilets 2 Parking Spaces,2000000.00
VI,3 Bedrooms 3 Bathrooms 4 Toilets 3 Parking Spaces,4000000.00
